図鑑No.,モンスター名,倍率,出現率,出典,メラ,ギラ,イオ,ヒャド,バギ,デイン,ドルマ,ジバリア
1,スライム,1.00,a.とてもよく見かける,1章,1.10,1.00,1.10,1.10,1.10,1.10,1.10,1.10
2,ドラキー,1.00,a.とてもよく見かける,1章,1.10,1.20,1.10,1.10,1.10,1.05,1.10,1.10
3,スライムベス,1.00,a.とてもよく見かける,1章,-,-,-,-,-,-,-,-
4,ゴースト,1.00,a.とてもよく見かける,1章,1.50,1.50,1.10,1.00,1.00,1.00,1.00,1.00
5,モーモン,1.00,a.とてもよく見かける,1章,1.10,1.00,1.10,1.10,1.10,1.10,1.10,1.10
6,しましまキャット,1.10,b.よく見かける,1章,-,-,-,-,-,-,-,-
7,メーダ,1.00,a.とてもよく見かける,1章,1.00,1.00,1.10,1.00,1.00,1.00,1.00,1.00
8,いたずらもぐら,1.00,a.とてもよく見かける,1章,1.10,1.00,1.10,1.00,1.00,1.10,1.10,1.00
9,リリパット,1.00,c.ときどき見かける,1章,1.10,1.20,1.10,1.10,-,-,1.10,-
10,バブルスライム,1.00,a.とてもよく見かける,1章,1.00,0.85,1.10,1.00,1.00,1.00,1.00,1.00
11,びっくりサタン,1.10,b.よく見かける,1章,1.00,1.00,1.10,1.00,1.00,1.10,0.65,1.00
12,きりかぶこぞう,1.10,d.あまり見かけない,1章,-,1.10,1.00,1.00,1.00,1.00,1.00,1.00
13,メラリザード,1.00,e.めったに見かけない,1章,-,-,-,-,-,-,-,-
14,ファーラット,1.00,a.とてもよく見かける,1章,-,-,-,-,-,-,-,-
15,いっかくウサギ,1.00,a.とてもよく見かける,1章,-,-,-,-,-,-,-,-
16,プチアーノン,1.00,a.とてもよく見かける,1章,-,-,-,-,-,-,-,-
17,さそりばち,1.00,b.よく見かける,1章,-,-,-,-,-,-,-,-
18,メラゴースト,1.10,c.ときどき見かける,1章,0.50,0.50,1.00,1.50,1.00,1.00,1.00,1.00
19,オニオーン,1.00,a.とてもよく見かける,1章,-,-,-,-,-,-,-,-
20,キャタピラー,1.10,b.よく見かける,2章,-,-,-,-,-,-,-,-
21,メタルスライム,1.00,m.あまり見かけない（メタル系）,1章,無効,無効,無効,無効,無効,無効,無効,無効
22,どくろあらい,1.10,a.とてもよく見かける,1章,-,-,-,-,-,-,-,-
23,おばけキャンドル,1.10,b.よく見かける,1章,1.1,-,1,1,1.1,1,1,1
24,あやしいかげ,1.10,d.あまり見かけない,1章,-,-,-,-,-,-,-,-
25,あばれこまいぬ,1.10,d.あまり見かけない,2章,1,1,0.65,1.1,1,1.1,1,1
26,ぶちスライム,1.00,a.とてもよく見かける,1章,-,-,-,-,-,-,-,-
27,メタッピー,1.10,c.ときどき見かける,1章,-,-,-,-,-,-,-,-
28,わらいぶくろ,1.00,c.ときどき見かける,2章,-,-,-,-,-,-,-,-
29,キメラ,1.10,a.とてもよく見かける,2章,0.65,0.75,1.1,1.1,1,1,1,1
30,キャットフライ,1.10,a.とてもよく見かける,2章,-,-,-,-,-,-,-,-
31,どろにんぎょう,1.10,b.よく見かける,2章,1,0.85,1,1,1.1,1,1,1
32,おおきづち,1.10,a.とてもよく見かける,2章,1,0.85,1.1,1,1,1,1.1,1
33,キラースコップ,1.00,a.とてもよく見かける,2章,1.1,1.1,1.1,1,1,1.1,1.1,1
34,ドルイド,1.00,e.めったに見かけない,2章,-,-,-,-,-,-,-,-
35,ねこまどう,1.10,a.とてもよく見かける,2章,-,-,-,-,-,-,-,-
36,しのどれい,1.10,a.とてもよく見かける,2章,-,-,-,-,-,-,-,-
37,みならいあくま,1.10,a.とてもよく見かける,2章,-,-,-,-,-,-,-,-
38,おおくちばし,1.10,c.ときどき見かける,2章,1.1,1.1,1,1.1,1,1,1,1
39,ホイミスライム,1.00,a.とてもよく見かける,3章,1,0.85,1,1,1,1,1.5,1
40,モコモコじゅう,1.00,b.よく見かける,2章,1.1,1,1,1,1,1,1,1
41,メタルブラザーズ,1.00,m.あまり見かけない（メタル系）,2章,無効,無効,無効,無効,無効,無効,無効,無効
42,グレムリン,1.00,e.めったに見かけない,2章,-,-,-,-,-,-,-,-
43,くさった死体,1.10,a.とてもよく見かける,2章,1.1,1.1,1.5,0.65,1,1,0.65,1
44,ビッグハット,1.10,c.ときどき見かける,2章,-,-,-,-,-,-,-,-
45,ドロヌーバ,1.10,a.とてもよく見かける,2章,1,1.2,1.1,1,1.1,1,1,0.5
46,デザートゴースト,1.20,d.あまり見かけない,3章,-,-,-,-,-,-,-,-
47,アルミラージ,1.00,a.とてもよく見かける,2章,-,-,-,-,-,-,-,-
48,スライムつむり,1.00,b.よく見かける,2章,1.1,1.1,1,1,1,1,1,1
49,スノーモン,1.00,d.あまり見かけない,2章,-,-,-,-,-,-,-,-
50,キラービー,1.00,a.とてもよく見かける,2章,-,-,-,-,-,-,-,-
51,スマイルロック,1.10,b.よく見かける,3章,1,1.1,1,1,1.1,1,1,1
52,ポイズンリザード,1.10,a.とてもよく見かける,3章,1.1,1.1,1,1,1,1,1,0.65
53,ひとくいサーベル,1.00,a.とてもよく見かける,2章,-,-,-,-,-,-,-,-
54,プリズニャン,1.10,b.よく見かける,2章,1.1,1.1,1.1,1,1,1,1,1
55,ミケまどう,,z.地図での出現なし（未登録）,ご当地,-,-,-,-,-,-,-,-
56,マーブルン,,z.地図での出現なし（未登録）,ご当地,-,-,-,-,-,-,-,-
57,ツンドラキー,,z.地図での出現なし（未登録）,ご当地,-,-,-,-,-,-,-,-
58,チョコヌーバ,,z.地図での出現なし（未登録）,ご当地,-,-,-,-,-,-,-,-
59,キラーピッケル,1.00,z.地図での出現なし（未登録）,ご当地,-,-,-,-,-,-,-,-
60,スウィートバッグ,,z.地図での出現なし（未登録）,ご当地,-,-,-,-,-,-,-,-
61,メーダプリンス,,z.地図での出現なし（未登録）,ご当地,-,-,-,-,-,-,-,-
62,のろいの岩,,z.地図での出現なし（未登録）,ご当地,-,-,-,-,-,-,-,-
63,どくイモムシ,1.10,a.とてもよく見かける,3章,1,0.85,1,1.1,1,1,1,1
64,スカルガルー,1.10,a.とてもよく見かける,3章,-,-,-,-,-,-,-,-
65,しびれくらげ,1.00,a.とてもよく見かける,3章,-,-,-,-,-,-,-,-
66,ドラキーマ,1.00,a.とてもよく見かける,3章,1,1.1,1.1,1,1,1.1,1,1.1
67,ヘルボックル,1.10,a.とてもよく見かける,3章,-,-,-,-,-,-,-,-
68,ヘルビースト,1.20,e.めったに見かけない,3章,-,-,-,-,-,-,-,-
69,ベビーマジシャン,1.10,c.ときどき見かける,3章,1,0.85,1.1,1,1,1,1.1,1
70,がいこつ,1.10,a.とてもよく見かける,3章,-,-,-,-,-,-,-,-
71,さまようよろい,1.10,a.とてもよく見かける,3章,0.65,0.5,1.1,1,1,1,1,1
72,サイおとこ,1.20,c.ときどき見かける,5章,-,-,-,-,-,-,-,-
73,タホドラキー,1.00,b.よく見かける,3章,-,-,-,-,-,-,-,-
74,タップデビル,1.10,a.とてもよく見かける,3章,1,1,1.1,1,1.1,1,0.65,1
75,ガチャコッコ,1.10,c.ときどき見かける,3章,0.5,0.5,1,0.65,1,1.1,1,1
76,ギズモ,1.10,a.とてもよく見かける,3章,1,1.1,1.1,1,1.1,1,1,1
77,ベビーサタン,1.10,b.よく見かける,4章,-,-,-,-,-,-,-,-
78,スライムナイト,1.10,c.ときどき見かける,3章,1,0.85,1,1,1,1,1.1,1
79,ともしびこぞう,1.10,d.あまり見かけない,3章,1.1,1,1,1,1.1,1,1,1
80,キャットバット,1.10,a.とてもよく見かける,3章,-,-,-,-,-,-,-,-
81,たまねぎマン,1.00,a.とてもよく見かける,4章,1,1,1,1.1,1,1,1,1
82,よろいのきし,1.20,d.あまり見かけない,4章,-,-,-,-,-,-,-,-
83,どくどくゾンビ,1.10,a.とてもよく見かける,3章,-,-,-,-,-,-,-,-
84,トンブレロ,1.10,a.とてもよく見かける,3章,1,1,1,1.1,1,1,1,0.65
85,オーク,1.10,b.よく見かける,3章,1,1.1,1,1,1.1,1,1,1
86,スライムタワー,1.00,a.とてもよく見かける,3章,1,1,1,1,1,1.1,1.5,1
87,ひとくいばこ,1.10,b.よく見かける,3章,-,-,-,-,-,-,-,-
88,ミイラ男,1.10,c.ときどき見かける,3章,1.5,1.5,1.1,1,1,1,0.5,1
89,ぐんたいガニ,1.10,b.よく見かける,3章,1,1,1.1,1,1,1,1.5,1
90,ごろつき,1.20,d.あまり見かけない,3章,-,-,-,-,-,-,-,-
91,ベビーニュート,1.00,a.とてもよく見かける,4章,1,1,1.5,0.65,1,1,1,1
92,はぐれメタル,1.00,m.あまり見かけない（メタル系）,3章,無効,無効,無効,無効,無効,無効,無効,無効
93,ひくいどり,1.20,e.めったに見かけない,3章,-,-,-,-,-,-,-,-
94,ベロニャーゴ,1.10,a.とてもよく見かける,3章,-,-,-,-,-,-,-,-
95,ホークマン,1.20,e.めったに見かけない,4章,-,-,-,-,-,-,-,-
96,どくやずきん,1.00,a.とてもよく見かける,3章,1,1,1.1,1,1,1,1.1,1
97,ブラウニー,1.10,a.とてもよく見かける,4章,-,-,-,-,-,-,-,-
98,ジャガーメイジ,1.10,b.よく見かける,4章,-,-,-,-,-,-,-,-
99,ハンターフライ,1.00,a.とてもよく見かける,4章,1,1,1,1,0.65,1,1.5,1
100,デッドペッカー,1.10,a.とてもよく見かける,4章,-,-,-,-,-,-,-,-
101,ケダモン,1.00,a.とてもよく見かける,4章,1,1.1,1,1,1.1,1,1,1
102,どれいへいし,1.10,a.とてもよく見かける,4章,1.1,1.2,1.5,0.5,1,1,0.5,1
103,メタルハンター,1.20,c.ときどき見かける,4章,0.65,0.75,1,0.65,1,1.45,1,1
104,マジカルハット,1.10,b.よく見かける,4章,1,1,0.65,1.1,1.1,1,1,1
105,キラーマシン,1.20,e.めったに見かけない,5章,-,-,-,-,-,-,-,-
106,イエティ,1.20,b.よく見かける,4章,-,-,-,-,-,-,-,-
107,かえんムカデ,1.10,a.とてもよく見かける,4章,0.5,0.5,1,1.1,1,1,1,1
108,マミー,1.10,b.よく見かける,4章,1.1,1.1,1.5,1,1,1,0.5,1
109,シャドー,1.10,a.とてもよく見かける,4章,0.65,0.65,0.65,0.65,0.65,0.65,0.65,0.65
110,たてまじん,1.20,b.よく見かける,4章,1.1,1.1,1.1,1,1,1,1,1
111,フレイム,1.10,a.とてもよく見かける,5章,-,-,-,-,-,-,-,-
112,デビルアーマー,1.20,a.とてもよく見かける,4章,1,1,1.1,1,1,0.5,1,1.1
113,マドハンド,1.00,a.とてもよく見かける,4章,1,1,1,1,1,1,1,0.65
114,しびれだんびら,1.00,a.とてもよく見かける,4章,-,-,-,-,-,-,-,-
115,ひとつめピエロ,1.10,c.ときどき見かける,4章,1,0.85,1.1,1,1,1,1,1
116,ベビル,1.00,d.あまり見かけない,4章,-,-,-,-,-,-,-,-
117,メタルライダー,1.10,c.ときどき見かける,4章,0.65,0.5,1,0.6,0.65,0.65,1.5,1
118,ボーンナイト,1.20,d.あまり見かけない,5章,-,-,-,-,-,-,-,-
119,ヒートギズモ,1.10,a.とてもよく見かける,4章,0.5,0.65,1.1,1.5,1,1,0.65,0.65
120,リザードマン,1.20,a.とてもよく見かける,5章,-,-,-,-,-,-,-,-
121,ミニデーモン,1.10,b.よく見かける,3章,0.65,0.5,1,0.65,1,1,1,1
122,ホークブリザード,1.20,e.めったに見かけない,5章,-,-,-,-,-,-,-,-
123,ハートナイト,,z.地図での出現なし（未登録）,ご当地,-,-,-,-,-,-,-,-
124,ゴールデンコーン,,z.地図での出現なし（未登録）,ご当地,-,-,-,-,-,-,-,-
125,ピンクボンボン,,z.地図での出現なし（未登録）,ご当地,-,-,-,-,-,-,-,-
126,ももいろ三姉妹,,z.地図での出現なし（未登録）,ご当地,-,-,-,-,-,-,-,-
127,クイーンモーモン,,z.地図での出現なし（未登録）,ご当地,-,-,-,-,-,-,-,-
128,とげこんぼう,,z.地図での出現なし（未登録）,ご当地,-,-,-,-,-,-,-,-
129,アルケミストン,,z.地図での出現なし（未登録）,ご当地,-,-,-,-,-,-,-,-
130,ファイアボール,,z.地図での出現なし（未登録）,ご当地,-,-,-,-,-,-,-,-
131,ばくだんいわ,1.10,a.とてもよく見かける,4章,-,-,-,-,-,-,-,-
132,あくま神官,1.10,e.めったに見かけない,4章,-,-,-,-,-,-,-,-
133,じごくのよろい,1.10,b.よく見かける,5章,-,-,-,-,-,-,-,-
134,しりょうのきし,1.10,a.とてもよく見かける,5章,-,-,-,-,-,-,-,-
135,ピンクモーモン,1.00,a.とてもよく見かける,5章,-,-,-,-,-,-,-,-
136,ベホイミスライム,1.00,a.とてもよく見かける,5章,-,-,-,-,-,-,-,-
137,アームライオン,1.20,e.めったに見かけない,7章,1,1,1,1,1,1,1.1,1.1
138,キラーパンサー,1.10,b.よく見かける,5章,-,-,-,-,-,-,-,-
139,アローインプ,1.00,a.とてもよく見かける,5章,-,-,-,-,-,-,-,-
140,メトロゴースト,1.00,b.よく見かける,5章,1.1,1,1.1,1,1,1,1,1
141,つむりんママ,1.00,c.ときどき見かける,5章,0.65,0.65,0.65,0.65,0.65,0.65,0.65,0.65
142,きめんどうし,1.00,a.とてもよく見かける,5章,-,-,-,-,-,-,-,-
143,かっちゅうアリ,1.20,a.とてもよく見かける,5章,1,1,0.65,1.1,1,1,1,0.65
144,パペットマン,1.10,a.とてもよく見かける,5章,1,1,1,1,1.1,1,1,1
145,キングスライム,1.20,d.あまり見かけない,5章,-,-,-,-,-,-,-,-
146,ヒイラギどうじ,1.10,d.あまり見かけない,5章,-,-,-,-,-,-,-,-
147,ドラゴスライム,1.10,c.ときどき見かける,5章,-,-,-,-,-,-,-,-
148,ベビーサラマンダ,1.10,a.とてもよく見かける,5章,-,-,-,-,-,-,-,-
149,サブナック,,z.地図での出現なし（未登録）,ほこら,-,-,-,-,-,-,-,-
150,ブラッドハンド,1.00,a.とてもよく見かける,5章,-,-,-,-,-,-,-,-
151,てっこうまじん,1.20,b.よく見かける,8章,0.7,0.6,1.1,1,0.6,0.3,1,1.2
152,エビルホーク,1.20,d.あまり見かけない,6章,0.65,0.5,1,1.1,0.65,1,1,1
153,まおうのつかい,,,ほこら,-,-,-,-,-,-,-,-
154,トロル,,,メガモン,-,-,-,-,-,-,-,-
155,まほうつかい,1.10,a.とてもよく見かける,イベント,-,-,-,-,-,-,-,-
156,おおさそり,1.10,a.とてもよく見かける,イベント,1,0.85,0.65,1.1,1,1,1,0.65
157,ドロル,1.10,b.よく見かける,イベント,1.2,1.25,1.5,0.65,0.75,1.1,0.5,1
158,てつのさそり,1.10,a.とてもよく見かける,イベント,-,-,-,-,-,-,-,-
159,リカント,1.10,a.とてもよく見かける,イベント,1,1,0.85,1,0.75,1.1,-,1
160,ストーンマン,1.20,a.とてもよく見かける,イベント,0.5,0.5,1,1,1.1,1,1.5,0.75
161,まどうし,1.10,b.よく見かける,イベント,1,0.85,0.85,1.5,1.2,1,1.1,1.1
162,ドロルメイジ,1.10,b.よく見かける,イベント,1.1,1,1.5,0.5,0.75,1.2,0.5,1.1
163,リカントマムル,1.10,a.とてもよく見かける,イベント,0.85,0.85,0.85,0.75,1,1.2,1,1.1
164,キースドラゴン,1.20,a.とてもよく見かける,イベント,0.75,0.65,0.85,0.75,1.1,1.2,1,1.2
165,しのさそり,1.10,b.よく見かける,イベント,1,0.85,0.85,0.85,1.1,1.1,1.2,0.65
166,キラーリカント,1.10,a.とてもよく見かける,イベント,1,1.1,1,0.65,0.85,1.25,1,1.1
167,だいまどう,1.10,a.とてもよく見かける,イベント,-,-,-,-,-,-,-,-
168,ダースドラゴン,1.20,b.よく見かける,イベント,0.5,0.65,1.25,0.5,1,1.2,1,1.2
169,あくまのきし,,z.地図での出現なし（未登録）,ほこら,-,-,-,-,-,-,-,-
170,ドラゴン,,z.地図での出現なし（未登録）,メガモン,-,-,-,-,-,-,-,-
171,ゴーレム,,z.地図での出現なし（未登録）,メガモン,-,-,-,-,-,-,-,-
172,りゅうおう,,z.地図での出現なし（未登録）,メガモン,-,-,-,-,-,-,-,-
173,もみじこぞう,,z.地図での出現なし（未登録）,イベント,-,-,-,-,-,-,-,-
174,ダッシュラン,,z.地図での出現なし（未登録）,ほこら,-,-,-,-,-,-,-,-
175,テラノライナー,,z.地図での出現なし（未登録）,ほこら,-,-,-,-,-,-,-,-
176,ガメゴン,,z.地図での出現なし（未登録）,ほこら,-,-,-,-,-,-,-,-
177,リザードフライ,,z.地図での出現なし（未登録）,ほこら,-,-,-,-,-,-,-,-
178,ドラゴンフライ,,z.地図での出現なし（未登録）,ほこら,-,-,-,-,-,-,-,-
179,スカルドラゴン,,z.地図での出現なし（未登録）,ほこら,-,-,-,-,-,-,-,-
180,コドラ,1.00,z.地図での出現なし（未登録）,イベント,-,-,-,-,-,-,-,-
181,はしりとかげ,,z.地図での出現なし（未登録）,ほこら,-,-,-,-,-,-,-,-
182,バトルレックス,,z.地図での出現なし（未登録）,強敵,-,-,-,-,-,-,-,-
183,デンデン竜,1.20,z.地図での出現なし（未登録）,イベント,-,-,-,-,-,-,-,-
184,ドラゴンパゲージ,,z.地図での出現なし（未登録）,イベント,-,-,-,-,-,-,-,-
185,スカイドラゴン,,z.地図での出現なし（未登録）,イベント,-,-,-,-,-,-,-,-
186,ナウマンボーグ,,z.地図での出現なし（未登録）,メガモン,-,-,-,-,-,-,-,-
187,ギガデーモン,,z.地図での出現なし（未登録）,強敵,-,-,-,-,-,-,-,-
188,キングレオ,,z.地図での出現なし（未登録）,メガモン,-,-,-,-,-,-,-,-
189,アンドレアル,,z.地図での出現なし（未登録）,強敵,-,-,-,-,-,-,-,-
190,デスピサロ,,z.地図での出現なし（未登録）,メガモン,-,-,-,-,-,-,-,-
191,ヘルバトラー,,z.地図での出現なし（未登録）,強敵,-,-,-,-,-,-,-,-
192,究極エビルプリースト,,z.地図での出現なし（未登録）,イベント,-,-,-,-,-,-,-,-
193,究極エビルプリースト,,z.地図での出現なし（未登録）,メガモン,-,-,-,-,-,-,-,-
194,アイスゴーレム,,z.地図での出現なし（未登録）,イベント,-,-,-,-,-,-,-,-
195,スノーゴラゴン,,z.地図での出現なし（未登録）,イベント,-,-,-,-,-,-,-,-
196,ブリザードマン,,z.地図での出現なし（未登録）,強敵,-,-,-,-,-,-,-,-
197,スライムかがみもち,,z.地図での出現なし（未登録）,イベント,-,-,-,-,-,-,-,-
198,おみくじミミック,,z.地図での出現なし（未登録）,イベント,-,-,-,-,-,-,-,-
199,ふくぶくろ,,z.地図での出現なし（未登録）,イベント,-,-,-,-,-,-,-,-
200,メタルドラゴン,,z.地図での出現なし（未登録）,メガモン,-,-,-,-,-,-,-,-
201,メタルホイミン,1.00,m.あまり見かけない（メタル系）,6章,無効,無効,無効,無効,無効,無効,無効,無効
202,つかいま,1.10,a.とてもよく見かける,イベント,0.65,0.65,1,0.65,1,0.65,1.3,1.25
203,プリーストナイト,,z.地図での出現なし（未登録）,11章,-,-,-,-,-,-,-,-
204,ずしおうまる,,z.地図での出現なし（未登録）,ほこら,-,-,-,-,-,-,-,-
205,くものきょじん,,z.地図での出現なし（未登録）,ほこら,-,-,-,-,-,-,-,-
206,じごくのもんばん,,z.地図での出現なし（未登録）,ほこら,-,-,-,-,-,-,-,-
207,セルゲイナス,,z.地図での出現なし（未登録）,強敵,-,-,-,-,-,-,-,-
208,キングミニデーモン,,z.地図での出現なし（未登録）,イベント,-,-,-,-,-,-,-,-
209,メイジドラキー,1.00,a.とてもよく見かける,6章,1,0.85,1.1,1,1,1,1,1.1
210,じんめんじゅ,1.20,b.よく見かける,6章,1.1,1,1,1,1,1,1.1,1
211,じごくのハサミ,1.10,c.ときどき見かける,6章,1.1,1.2,1,1,1.1,1,1,0.5
212,ゴールドオーク,1.10,a.とてもよく見かける,6章,1,0.85,1,1,1,1,1.1,1
213,うみぼうず,1.10,b.よく見かける,6章,1.1,1.1,1,0.5,1,1,1,1
214,ジェリーマン,1.10,a.とてもよく見かける,6章,1.1,1.2,1,1.1,1,1,1,0.65
215,さまようたましい,1.10,b.よく見かける,6章,1,1,1.5,1,1,1,1,1
216,ベンガルクーン,1.10,c.ときどき見かける,6章,1,1.1,1,1.1,1,1,1,1.1
217,ベホイムスライム,1.00,a.とてもよく見かける,6章,1,0.85,0.65,1.1,1,1,1.5,1
218,りゅうき兵,1.20,b.よく見かける,6章,0.65,0.85,1,1,1,1.5,1,1.5
219,おどるほうせき,1.00,e.めったに見かけない,6章,1,1.1,1.1,1,1.1,1,1.1,1
220,メイジキメラ,1.10,b.よく見かける,7章,-,-,1,-,1,1,1,1
221,ボーンプリズナー,1.10,a.とてもよく見かける,7章,1.1,1.2,1.5,0.5,1,1,0.5,1
222,シールドオーガ,1.20,c.ときどき見かける,7章,1.1,1.2,1,1,1,1,1.1,1
223,マッドフィンガー,1.00,a.とてもよく見かける,7章,1,-,-,1,-,1,-,-
224,シルバーデビル,1.20,d.あまり見かけない,7章,1,-,-,1,1,-,1,1
225,ゲリュオン,,z.地図での出現なし（未登録）,ほこら,-,-,-,-,-,-,-,-
226,おひなさまスライム,,z.地図での出現なし（未登録）,強敵,-,-,-,-,-,-,-,-
227,きりさきピエロ,,z.地図での出現なし（未登録）,強敵,-,-,-,-,-,-,-,-
228,さくらこぞう,,z.地図での出現なし（未登録）,イベント,-,-,-,-,-,-,-,-
229,カンダタ,,z.地図での出現なし（未登録）,強敵,-,-,-,-,-,-,-,-
230,カンダタこぶん,,z.地図での出現なし（未登録）,強敵,-,-,-,-,-,-,-,-
231,やまたのおろち,,z.地図での出現なし（未登録）,強敵,-,-,-,-,-,-,-,-
232,バラモス,,z.地図での出現なし（未登録）,メガモン,-,-,-,-,-,-,-,-
233,バラモスブロス,,z.地図での出現なし（未登録）,強敵,-,-,-,-,-,-,-,-
234,ゾーマ,,z.地図での出現なし（未登録）,メガモン,-,-,-,-,-,-,-,-
235,ブラッドソード,1.00,a.とてもよく見かける,7章,1,-,1,1,-,1,1,1
236,おばけトマト,1.00,a.とてもよく見かける,7章,-,-,-,1,1,1,-,1
237,フロストギズモ,1.10,a.とてもよく見かける,7章,-,-,-,-,1,-,1,1
238,マリンスライム,1.00,b.よく見かける,7章,-,-,-,1,1,-,-,1
239,ミミック,1.10,c.ときどき見かける,7章,1,1,1,1,-,1,1,1
240,ブリザード,1.10,b.よく見かける,7章,-,-,1,-,1,1,1,-
241,だいおうキッズ,1.00,c.ときどき見かける,8章,-,1,-,1,1,-,-,1
242,げんじかぶと,1.20,a.とてもよく見かける,8章,-,-,-,-,-,1,1,-
243,ホラービースト,1.20,d.あまり見かけない,8章,-,1,-,1,-,1,-,-
244,メーダロード,1.00,b.よく見かける,9章,1,1,1.1,1,1,0.65,0.65,1
245,ガーゴイル,1.20,c.ときどき見かける,8章,1,-,-,1,-,1,1,1
246,しにがみきぞく,,z.地図での出現なし（未登録）,ほこら,-,-,-,-,-,-,-,-
247,ダークスライム,,z.地図での出現なし（未登録）,強敵,-,-,-,-,-,-,-,-
248,ダークキング,,z.地図での出現なし（未登録）,メガモン,-,-,-,-,-,-,-,-
249,ベスキング,,z.地図での出現なし（未登録）,強敵,-,-,-,-,-,-,-,-
250,スカラベキング,,z.地図での出現なし（未登録）,ほこら,-,-,-,-,-,-,-,-
251,セキバーン,1.10,b.よく見かける,イベント,0.5,1,1.25,1,0.8,0.8,1,1.5
252,スナノサウルス,1.20,c.ときどき見かける,イベント,-,-,-,-,-,-,-,-
253,ヘルコンドル,,z.地図での出現なし（未登録）,強敵,-,-,-,-,-,-,-,-
254,ギガンテス,,z.地図での出現なし（未登録）,メガモン,-,-,-,-,-,-,-,-
255,まなつのせんし,,z.地図での出現なし（未登録）,強敵,-,-,-,-,-,-,-,-
256,スイカ岩,,z.地図での出現なし（未登録）,イベント,-,-,-,-,-,-,-,-
257,トロピカルドラゴ,,z.地図での出現なし（未登録）,強敵,-,-,-,-,-,-,-,-
258,フレイムドック,,z.地図での出現なし（未登録）,強敵,-,-,-,-,-,-,-,-
259,キラーベンダーマシン,,z.地図での出現なし（未登録）,イベント,-,-,-,-,-,-,-,-
260,キングスイカ岩,,z.地図での出現なし（未登録）,メガモン,-,-,-,-,-,-,-,-
261,ドラゴンキッズ,1.00,b.よく見かける,イベント,-,-,-,-,-,-,-,-
262,りゅうせんし,1.00,b.よく見かける,イベント,0.65,0.85,0.95,1.15,0.5,0.5,1,1.3
263,ドラゴンゾンビ,,z.地図での出現なし（未登録）,ほこら,-,-,-,-,-,-,-,-
264,ドラゴンガイア,,z.地図での出現なし（未登録）,ほこら,-,-,-,-,-,-,-,-
265,ヘルジュラシック,,z.地図での出現なし（未登録）,ほこら,-,-,-,-,-,-,-,-
266,ヘルゴースト,1.00,a.とてもよく見かける,8章,-,1,-,-,1,1,-,1
267,アイアンクック,1.10,a.とてもよく見かける,8章,-,1,1,-,1,-,1,1
268,メガザルロック,1.10,b.よく見かける,8章,1,-,-,1,-,1,1,-
269,キラートーチ,1.10,a.とてもよく見かける,8章,1,1,1,1,-,-,1,1
270,アカイライ,1.10,a.とてもよく見かける,8章,-,-,-,-,-,-,1,1
271,ホロゴースト,1.10,b.よく見かける,8章,-,-,-,-,-,-,-,-
272,ボボンガー,1.20,e.めったに見かけない,8章,1,1,1.1,1.2,1,1,1.1,1
273,デンタザウルス,1.20,b.よく見かける,9章,0.6,1,1.25,1,1,1,1,0.6
274,ほのおのせんし,1.10,c.ときどき見かける,9章,0.5,0.5,1,1.2,1,1,1,1
275,うごくせきぞう,1.20,d.あまり見かけない,11章,1,1.15,1,1,1.1,1,1,0.65
276,エリミネーター,1.20,c.ときどき見かける,11章,1,1.1,1,1,1,1,1,1.1
277,じごくのつかい,1.10,d.あまり見かけない,9章,0.5,0.5,1,1,1.1,1,1.1,1
278,ワイトキング,1.20,e.めったに見かけない,11章,1.1,1.2,0.8,0.5,1,1,1.2,1.2
279,MCカンダタ,,z.地図での出現なし（未登録）,強敵,-,-,-,-,-,-,-,-
280,ゴールドマン,,z.地図での出現なし（未登録）,イベント,-,-,-,-,-,-,-,-
281,記念大王スライム,,z.地図での出現なし（未登録）,メガモン,-,-,-,-,-,-,-,-
282,ウイングタイガー,,z.地図での出現なし（未登録）,強敵,-,-,-,-,-,-,-,-
283,ブラックドラゴン,,z.地図での出現なし（未登録）,メガモン,-,-,-,-,-,-,-,-
284,ボストロール,,z.地図での出現なし（未登録）,強敵,-,-,-,-,-,-,-,-
285,暴嵐天バリゲーン,,z.地図での出現なし（未登録）,メガモン,-,-,-,-,-,-,-,-
286,キマイラロード,,z.地図での出現なし（未登録）,強敵,-,-,-,-,-,-,-,-
287,ハロオウィンドラキー,,z.地図での出現なし（未登録）,イベント,-,-,-,-,-,-,-,-
288,パンプキャビネット,,z.地図での出現なし（未登録）,強敵,-,-,-,-,-,-,-,-
289,ハロウィンゴースト,,z.地図での出現なし（未登録）,イベント,-,-,-,-,-,-,-,-
290,シャドーサタン,,z.地図での出現なし（未登録）,メガモン,-,-,-,-,-,-,-,-
291,ハロウィンマミー,,z.地図での出現なし（未登録）,イベント,-,-,-,-,-,-,-,-
292,ハロウィンリカント,,z.地図での出現なし（未登録）,イベント,-,-,-,-,-,-,-,-
293,フランケンゴーッレム,,z.地図での出現なし（未登録）,強敵,-,-,-,-,-,-,-,-
294,ローソンキングスライム,,z.地図での出現なし（未登録）,イベント,-,-,-,-,-,-,-,-
295,おんせんスライム,,z.地図での出現なし（未登録）,イベント,-,-,-,-,-,-,-,-
296,しろバラのきし,,z.地図での出現なし（未登録）,ご当地,-,-,-,-,-,-,-,-
297,モテモテ,,z.地図での出現なし（未登録）,ご当地,-,-,-,-,-,-,-,-
298,ちょうろうじゅ,,z.地図での出現なし（未登録）,ご当地,-,-,-,-,-,-,-,-
299,リトルライバーン,,z.地図での出現なし（未登録）,ご当地,-,-,-,-,-,-,-,-
300,レッドアーチャー,,z.地図での出現なし（未登録）,ご当地,-,-,-,-,-,-,-,-
301,バロン版キラーマシン,,z.地図での出現なし（未登録）,強敵,-,-,-,-,-,-,-,-
302,アバン(ドラゴラム),,z.地図での出現なし（未登録）,強敵,-,-,-,-,-,-,-,-
303,魔王ハドラー,,z.地図での出現なし（未登録）,メガモン,-,-,-,-,-,-,-,-
304,クロコダイン,,z.地図での出現なし（未登録）,強敵,-,-,-,-,-,-,-,-
305,ヒュンケル(鎧前),,z.地図での出現なし（未登録）,,-,-,-,-,-,-,-,-
306,ヒュンケル,,z.地図での出現なし（未登録）,強敵,-,-,-,-,-,-,-,-
307,カメレオンマン,,z.地図での出現なし（未登録）,ほこら,-,-,-,-,-,-,-,-
308,フレイザード,,z.地図での出現なし（未登録）,メガモン,-,-,-,-,-,-,-,-
309,メタルかがみもち,,z.地図での出現なし（未登録）,イベント,無効,無効,無効,無効,無効,無効,無効,無効
310,賀正大王スライム,,z.地図での出現なし（未登録）,メガモン,-,-,-,-,-,-,-,-
311,ドラゴメタル,1.10,m.あまり見かけない（メタル系）,9章,無効,無効,無効,無効,無効,無効,無効,無効
312,つららスライム,1.00,a.とてもよく見かける,9章,1.15,1.5,0.65,0.5,1,1,1,1
313,ひょうがまじん,,,強敵,-,-,-,-,-,-,-,-
314,うごくひょうぞう,,,強敵,-,-,-,-,-,-,-,-
315,コキュードス,,,強敵,-,-,-,-,-,-,-,-
316,アンクルホーン,,,メガモン,-,-,-,-,-,-,-,-
317,ぬすっとウサギ,1.00,a.とてもよく見かける,9章,1,1,0.75,1.1,1.1,0.75,1.1,0.75
318,ホタテワラビー,1.10,b.よく見かける,9章,1.1,0.6,0.6,0.6,1,1.1,1,1
319,グリゴンダンス,1.10,a.とてもよく見かける,9章,1.1,1,1.1,0.75,1,0.75,0.6,1.1
320,グール,1.10,a.とてもよく見かける,9章,1.1,1,1.5,0.5,1.1,1.1,0.65,0.75
321,ナイトキャット,1.10,a.とてもよく見かける,9章,0.75,1.2,0.75,1.1,0.6,1.1,1,1.1
322,ランプのまじん,1.20,e.めったに見かけない,9章,1,-,1,1,-,1,1,1
323,亡者のひとだま,1.10,b.よく見かける,10章,1,1.1,0.65,1,1,1,1.5,1
324,ウドラー,,,ほこら,-,-,-,-,-,-,-,-
325,キラーアーマー,1.10,d.あまり見かけない,10章,0.65,0.5,1.1,1,1,1,1,1
326,バアルゼブブ,1.00,c.ときどき見かける,10章,1,1,1,0.65,1.1,1.5,0.85,1
327,ボーンファイター,1.20,d.あまり見かけない,12章,0.65,1.3,1.5,0.4,0.5,0.65,0.65,1.5
328,モヒカント,,,覚醒千里,-,-,-,-,-,-,-,-
329,バッファロン,,,覚醒千里,-,-,-,-,-,-,-,-
330,ガルーダ,,,ほこら,-,-,-,-,-,-,-,-
331,だいおうイカ,,,メガモン,-,-,-,-,-,-,-,-
332,タコメット,1.00,b.よく見かける,イベント,-,-,-,-,-,-,-,-
333,ガニラス,,,強敵,-,-,-,-,-,-,-,-
334,マリンバブル,1.00,d.あまり見かけない,イベント,-,-,-,-,-,-,-,-
335,グレイトマーマン,,,強敵,-,-,-,-,-,-,-,-
336,パイレーツプリズナー,1.10,b.よく見かける,イベント,1.1,1.1,1.3,0.7,1.3,1,0.7,1
337,ヘルギフト,,,強敵,-,-,-,-,-,-,-,-
338,ナイトリッチ,,,強敵,-,-,-,-,-,-,-,-
339,からくり兵,1.10,d.あまり見かけない,イベント,0.7,0.7,0.85,1.3,0.85,1,1,0.9
340,デスマシーン,,,メガモン,-,-,-,-,-,-,-,-
341,銀のおたからミミック,,,イベント,-,-,-,-,-,-,-,-
342,金のおたからミミック,,,イベント,-,-,-,-,-,-,-,-
343,虹のおたからミミック,,,イベント,-,-,-,-,-,-,-,-
344,ヘルバオム,,,強敵,-,-,-,-,-,-,-,-
345,ヘルバオムのねっこ,,,強敵,-,-,-,-,-,-,-,-
346,ヘルクラウダー,,,ほこら,-,-,-,-,-,-,-,-
347,メカバーン,,,ほこら,-,-,-,-,-,-,-,-
348,オルゴデミーラ,,,強敵,-,-,-,-,-,-,-,-
349,オルゴデミーラ(メガモン),,,メガモン,-,-,-,-,-,-,-,-
350,メタスラ&ゴールドマン,,,イベント,無効,無効,無効,無効,無効,無効,無効,無効
351,メガゴールドマン,,,メガモン,-,-,-,-,-,-,-,-
352,ヒョウモンダーク,1.00,c.ときどき見かける,10章,0.6,0.8,1,1,1,1.1,1.1,1
353,おにこぞう,1.10,a.とてもよく見かける,10章,0.6,1,1.3,1.3,0.9,0.5,1,1
354,ブラックチャック,1.10,b.よく見かける,10章,1,1.4,1.4,1,0.8,1,0.9,0.7
355,ブラッドマミー,1.10,a.とてもよく見かける,11章,1.25,1.25,1,0.8,0.9,1,1,1.25
356,マポレーナ,1.00,b.よく見かける,10章,0.6,1,0.75,0.7,0.8,0.6,1.4,1
357,マッドルーパー,1.10,a.とてもよく見かける,10章,1.5,1.4,1.5,1.3,1.5,1.5,1.5,1.3
358,プランマトック,1.00,a.とてもよく見かける,10章,0.7,0.9,1.5,1,1.3,0.5,0.9,0.8
359,アークデーモン,1.20,e.めったに見かけない,10章,1,1.1,0.5,1.1,1,1,1,1.1
360,シュプリンガー,1.20,b.よく見かける,11章,0.4,1.15,0.4,1.25,1,0.4,1,1
361,エビルソーサラー,1.10,b.よく見かける,12章,1,1,0.5,0.5,1,0.65,1.3,1.1
362,ライノソルジャー,,,10章,-,-,-,-,-,-,-,-
363,サイレス,1.20,c.ときどき見かける,12章,1,0.65,1,1.3,0.5,1,0.65,1.3
364,碧落天バリゲーン,,,メガモン,-,-,-,-,-,-,-,-
365,ヘルバッファローズ,,,イベント,-,-,-,-,-,-,-,-
366,ファイターズナイト,,,イベント,-,-,-,-,-,-,-,-
367,ゴールドイーグルス,,,イベント,-,-,-,-,-,-,-,-
368,ライオンズレオ,,,イベント,-,-,-,-,-,-,-,-
369,ホークスアーマー,,,イベント,-,-,-,-,-,-,-,-
370,マリーンズサタン,,,イベント,-,-,-,-,-,-,-,-
371,スターキメラ,,,強敵,-,-,-,-,-,-,-,-
372,竜王,,,メガモン,-,-,-,-,-,-,-,-
373,アックスドラゴン,,,ほこら,-,-,-,-,-,-,-,-
374,アトラス,,z.地図での出現なし（未登録）,強敵,-,-,-,-,-,-,-,-
375,バズズ,,,強敵,-,-,-,-,-,-,-,-
376,ベリアル,,,強敵,-,-,-,-,-,-,-,-
377,大神官ハーゴン,,,メガモン,-,-,-,-,-,-,-,-
378,キラーピッチングマシン,,,メガモン,-,-,-,-,-,-,-,-
379,破壊神シドー,,,メガモン,-,-,-,-,-,-,-,-
380,おりひめクイーン,,,メガモン,-,-,-,-,-,-,-,-
381,ひこぼしキング,,,メガモン,-,-,-,-,-,-,-,-
382,イズライール,,,ほこら,-,-,-,-,-,-,-,-
383,バンユウ,,,強敵,-,-,-,-,-,-,-,-
384,ズッキーニャ,1.00,b.よく見かける,イベント,-,-,-,-,-,-,-,-
385,エル・ピタージャ,,,強敵,-,-,-,-,-,-,-,-
386,エル・バナーニャ,,,強敵,-,-,-,-,-,-,-,-
387,エル・サンティーア,,,強敵,-,-,-,-,-,-,-,-
388,おにこんぼう,,,メガモン,-,-,-,-,-,-,-,-
389,ぶっちズキーニャ,1.00,b.よく見かける,イベント,0.9,0.9,1.15,1.2,0.8,0.9,1,1.15
390,グリーンドラゴン,,,強敵,-,-,-,-,-,-,-,-
391,デカスライム,,,強敵,-,-,-,-,-,-,-,-
392,デカモーモン,,,強敵,-,-,-,-,-,-,-,-
393,デカプリズニャン,,,強敵,-,-,-,-,-,-,-,-
394,ジャンボきづち,,,強敵,-,-,-,-,-,-,-,-
395,オオヌシガルーダ,,,メガモン,-,-,-,-,-,-,-,-
396,バズールカンダタ,,,強敵,-,-,-,-,-,-,-,-
397,ゆきのじょおう,,,強敵,-,-,-,-,-,-,-,-
398,グレイトドラゴン,,,メガモン,-,-,-,-,-,-,-,-
399,ジャミ,,,強敵,-,-,-,-,-,-,-,-
400,ゴンズ,,,ほこら,-,-,-,-,-,-,-,-
401,ようがんげんじん,,,ほこら,-,-,-,-,-,-,-,-
402,ゲマ,,,メガモン,-,-,-,-,-,-,-,-
403,イブール,,,強敵,-,-,-,-,-,-,-,-
404,ミルドラース,,,メガモン,-,-,-,-,-,-,-,-
405,さまようフェンサー,,,メガモン,-,-,-,-,-,-,-,-
406,テラノザース,1.00,a.とてもよく見かける,11章,0.6,1.3,0.6,1.3,1,0.6,0.6,0.6
407,タップペンギー,1.00,b.よく見かける,11章,1.25,1.5,0.4,0.4,1,1.1,1.3,1.1
408,メタルつむり,1.00,m.あまり見かけない（メタル系）,11章,無効,無効,無効,無効,無効,無効,無効,無効
409,スライムブレス,1.10,a.とてもよく見かける,11章,0.75,1.25,0.75,0.75,0.4,1.3,1.3,1.3
410,ダークシルフ,1.10,c.ときどき見かける,11章,1.25,1.25,1,0.6,1.3,1.3,0.75,0.75
411,マジックフライ,1.00,a.とてもよく見かける,11章,1.25,0.75,0.6,1.5,1,1.1,1,1.3
412,はくろうじゅ,1.20,c.ときどき見かける,12章,0.6,0.6,1,1,0.5,1,1.5,1.5
413,じごくのたまねぎ,1.00,a.とてもよく見かける,11章,1.5,1,1.3,1,0.6,1,0.6,1
414,ダークキャンドル,1.10,b.よく見かける,11章,1.25,0.4,1,1.5,1.3,1,0.4,0.4
415,ダークペルシャ,1.10,c.ときどき見かける,12章,1,0.65,1,1.1,1,0.5,1,1
416,ベレス,1.20,b.よく見かける,12章,0.5,0.5,1,1,1,0.65,1.1,1
417,キラージャック,1.20,b.よく見かける,12章,1.1,1,0.4,0.5,1,1.1,1.1,1.1
418,マジックアーマー,1.20,z.地図での出現なし（未登録）,14章,1.1,0.7,0.4,1.25,1.3,1.3,0.5,0.6
419,しにがみのきし,,,11章,-,-,-,-,-,-,-,-
420,スノーエルダー,,z.地図での出現なし（未登録）,14章,1.4,0.4,1.6,0.55,0.4,1,1.1,1.5
421,キラースロットマシン,,,11章,-,-,-,-,-,-,-,-
422,グレイトライドン,,,強敵,-,-,-,-,-,-,-,-
423,おしろつむり,,,イベント,-,-,-,-,-,-,-,-
424,たまねぎスライム,,,イベント,-,-,-,-,-,-,-,-
425,わたぼう,,,配布こころ,-,-,-,-,-,-,-,-
426,ローズバトラー,,,強敵,-,-,-,-,-,-,-,-
427,にじくじゃく,,,強敵,-,-,-,-,-,-,-,-
428,ワルぼう,,,配布こころ,-,-,-,-,-,-,-,-
429,じげんりゅう,,,メガモン,-,-,-,-,-,-,-,-
430,スライムボーグ,,,ほこら,-,-,-,-,-,-,-,-
431,とらおこと,,,強敵,-,-,-,-,-,-,-,-
432,サンライズスライム,,,メガモン,-,-,-,-,-,-,-,-
433,ゴールデンゴーレム,,,ほこら,-,-,-,-,-,-,-,-
434,アイスフライ,1.10,d.あまり見かけない,イベント,-,-,-,-,-,-,-,-
435,ドラゴンライダー,,,強敵,-,-,-,-,-,-,-,-
436,ホワイトパンサー,,,強敵,-,-,-,-,-,-,-,-
437,ひょうけつのきし,,,強敵,-,-,-,-,-,-,-,-
438,豪氷天グリザード,,,メガモン,-,-,-,-,-,-,-,-
439,ごうけつぐま,,,強敵,-,-,-,-,-,-,-,-
440,じごくのきし,,,強敵,-,-,-,-,-,-,-,-
441,バラモスゾンビ,,,ほこら,-,-,-,-,-,-,-,-
442,キングヒドラ,,,メガモン,-,-,-,-,-,-,-,-
443,クイーンスライム,,,ほこら,-,-,-,-,-,-,-,-
444,あくまのツボ,1.00,a.とてもよく見かける,12章,1.1,0.85,0.75,1.5,0.6,0.5,1.1,1.3
445,タイムマスター,,,強敵,-,-,-,-,-,-,-,-
446,バリクナジャ,,,強敵,-,-,-,-,-,-,-,-
447,さくらボンボン,,,イベント,-,-,-,-,-,-,-,-
448,ギガントドラゴン,,,ギガモン,-,-,-,-,-,-,-,-
449,おおがらす,1.00,a.とてもよく見かける,12章,0.65,0.4,1,1.3,1,1.1,1.5,1.1
450,メーダクイン,1.00,a.とてもよく見かける,12章,0.65,1,0.4,1,1,1,1,1.3
451,ましょうぐも,1.10,a.とてもよく見かける,12章,1.1,0.5,1.1,1,1.1,1,0.65,1.1
452,キラークラブ,1.10,a.とてもよく見かける,12章,0.65,0.65,0.65,0.4,1,1.1,1,0.5
453,ハヌマーン,,,宝の地図,-,-,-,-,-,-,-,-
454,デュランダル,,,12章,-,-,-,-,-,-,-,-
455,トロルキング,1.20,e.めったに見かけない,12章,0.5,0.65,1.5,1.5,1,1,0.5,0.5
456,蒼茫天グリザード,,,メガモン,-,-,-,-,-,-,-,-
457,ゆうれいせんちょう,,,強敵,-,-,-,-,-,-,-,-
458,ゆうれい船,,,メガモン,-,-,-,-,-,-,-,-
459,勇者スライム,,,強敵,-,-,-,-,-,-,-,-
460,戦士スライム,,,強敵,-,-,-,-,-,-,-,-
461,魔法使いスライム,,,強敵,-,-,-,-,-,-,-,-
462,僧侶スライム,,,強敵,-,-,-,-,-,-,-,-
463,デンタクルス,,,ほこら,-,-,-,-,-,-,-,-
464,ムーンキメラ,,,ご当地,1,1.1,1,1,1,0.9,1,1
465,マッドスミス,,,ご当地,0.9,1,0.8,1.2,1,1,1.2,1
466,じごくのドアボーイ,,,ご当地,0.9,1,0.9,1,1.1,1,1,1
467,ピンキーパンサー,,,ご当地,1,0.9,1,1,1,1,1,1.1
468,はめつの使者,,,強敵,-,-,-,-,-,-,-,-
469,闇の覇者りゅうおう,,,メガモン,-,-,-,-,-,-,-,-
470,なげきの亡霊,,,強敵,-,-,-,-,-,-,-,-
471,ドルマゲス,,,強敵,-,-,-,-,-,-,-,-
472,ドルマゲス(メガモン),,,メガモン,-,-,-,-,-,-,-,-
473,呪われしゼシカ,,,強敵,-,-,-,-,-,-,-,-
474,妖魔ゲモン,,,ほこら,-,-,-,-,-,-,-,-
475,ラプソーン,,,ギガモン,-,-,-,-,-,-,-,-
476,ユニコーン,,,ほこら,-,-,-,-,-,-,-,-
477,まじょのかげ,,,イベント,-,-,-,-,-,-,-,-
478,グレイツェル,,z.地図での出現なし（未登録）,メガモン,-,-,-,-,-,-,-,-
479,キングリザード,,,強敵,-,-,-,-,-,-,-,-
480,魔勇者アンルシア,,,強敵,-,-,-,-,-,-,-,-
481,テンスライム,,,,-,-,-,-,-,-,-,-
482,冥王ネルゲル,,,メガモン,-,-,-,-,-,-,-,-
483,魔兵タナト,,,ほこら,-,-,-,-,-,-,-,-
484,魔兵ヒプノス,,,ほこら,-,-,-,-,-,-,-,-
485,冥獣王ネルゲル,,,メガモン,-,-,-,-,-,-,-,-
486,かんだたん,,,強敵,-,-,-,-,-,-,-,-
487,メタルキング,,z.地図での出現なし（未登録）,,-,-,-,-,-,-,-,-
488,スロットマジーン,,,強敵,-,-,-,-,-,-,-,-
489,マッスルガード,,,メガモン,-,-,-,-,-,-,-,-
490,ゴールデンタイタス,,,強敵,-,-,-,-,-,-,-,-
491,欲望の魔人,,,ギガモン,-,-,-,-,-,-,-,-
492,灼爍天ブレア,,,メガモン,-,-,-,-,-,-,-,-
493,エビルプリースト,,,強敵,-,-,-,-,-,-,-,-
494,ミズデーモン,,,イベント,-,-,-,-,-,-,-,-
495,エナジーバブル,,,イベント,-,-,-,-,-,-,-,-
496,コーヒーライオン,,,イベント,-,-,-,-,-,-,-,-
497,デスアンドレアル,,,強敵,-,-,-,-,-,-,-,-
498,究極進化エビルプリースト,,,メガモン,-,-,-,-,-,-,-,-
499,ブルデビル,,,ほこら,-,-,-,-,-,-,-,-
500,ラーハルト,,,強敵,-,-,-,-,-,-,-,-
501,CokeONコラボ大王,,,メガモン,-,-,-,-,-,-,-,-
502,竜騎将バラン,,,強敵,-,-,-,-,-,-,-,-
503,竜魔人バラン,,,メガモン,-,-,-,-,-,-,-,-
504,ミストバーン,,,メガモン,-,-,-,-,-,-,-,-
505,カジノ大王スライム,,,カジノ,-,-,-,-,-,-,-,-
506,ナスビナーラ,1.00,c.ときどき見かける,イベント,-,-,-,-,-,-,-,-
507,金のナスビナーラ,,,イベント,-,-,-,-,-,-,-,-
508,ブラバニクイーン,,,強敵,-,-,-,-,-,-,-,-
509,ふじやまスライム,,,イベント,-,-,-,-,-,-,-,-
510,スライムジェネラル,,,ほこら,-,-,-,-,-,-,-,-
511,ドラティー,,,イベント,-,-,-,-,-,-,-,-
512,お茶コッコ,,,イベント,-,-,-,-,-,-,-,-
513,あくあ神官,,,イベント,-,-,-,-,-,-,-,-
514,つちわらし,1.10,c.ときどき見かける,イベント,-,-,-,-,-,-,-,-
515,ベロベロ,,,強敵,-,-,-,-,-,-,-,-
516,おににゅうどう,,,強敵,-,-,-,-,-,-,-,-
517,怪蟲アラグネ,,,メガモン,-,-,-,-,-,-,-,-
518,デビルスノー,1.00,a.とてもよく見かける,13章,0.75,1.3,0.4,0.85,0.75,0.6,1.5,0.6
519,岩とびあくま,1.00,b.よく見かける,13章,0.75,1.3,1,0.6,0.75,0.6,1.3,1.1
520,メタルエンゼル,,m.あまり見かけない（メタル系）,13章,無効,無効,無効,無効,無効,無効,無効,無効
521,ドルマージュ,1.10,a.とてもよく見かける,13章,0.75,0.6,1.1,1.1,1.5,0.5,0.75,1.1
522,ようがんまじん,1.20,c.ときどき見かける,13章,0.4,0.75,1.3,1.3,1.1,1.1,0.6,0.6
523,オークィーン,1.10,b.よく見かける,13章,1.3,0.75,0.75,1.3,1,0.75,0.75,1
524,くもの大王,1.20,d.あまり見かけない,13章,1.1,1,1,0.6,1.3,0.75,1.5,1.5
525,ディアブラダ,1.00,a.とてもよく見かける,13章,1,1,0.5,1.3,1,0.4,1,0.75
526,ブルサベージ,1.20,c.ときどき見かける,13章,0.75,0.75,0.75,1.5,1,0.75,0.75,1
527,ポンコツ兵,1.10,b.よく見かける,13章,1,1,1.1,1,1.5,1,1.5,0.75
528,スーパーテンツク,1.20,e.めったに見かけない,13章,1.3,1.3,0.75,0.75,0.6,1.1,1,1.5
529,とこよアゲハ,1.00,z.地図での出現なし（未登録）,14章,1,0.7,1,0.4,1,0.7,1.1,1.3
530,せつげんりゅう,,,13章,-,-,-,-,-,-,-,-
531,グリズリー,,,13章,-,-,-,-,-,-,-,-
532,ネクロバルサ,,,13章,-,-,-,-,-,-,-,-
533,魔王の巨腕,,,13章,-,-,-,-,-,-,-,-
534,キラーマシン2,,,13章,-,-,-,-,-,-,-,-
535,妖魔ジュリアンテ,,,強敵,-,-,-,-,-,-,-,-
536,キラーファング,,,強敵,-,-,-,-,-,-,-,-
537,呪術師マリーン,,,メガモン,-,-,-,-,-,-,-,-
538,月夜の将,,,強敵,-,-,-,-,-,-,-,-
539,血染めの魔剣,,,覚醒千里,-,-,-,-,-,-,-,-
540,ヘルシーサー,,,強敵,-,-,-,-,-,-,-,-
541,ピサロ,,,メガモン,-,-,-,-,-,-,-,-
542,,,,,-,-,-,-,-,-,-,-
543,マスタードラゴン邪,,,ギガモン,-,-,-,-,-,-,-,-
544,,,,メガモン,-,-,-,-,-,-,-,-
545,キャプテンクロウ,,,メガモン,-,-,-,-,-,-,-,-
546,ゴールデンドラゴン,,,ほこら,-,-,-,-,-,-,-,-
547,てっきゅうまじん,,,強敵,-,-,-,-,-,-,-,-
548,勇車スラリンガル,,,メガモン,-,-,-,-,-,-,-,-
549,だいまじん,,,強敵,-,-,-,-,-,-,-,-
550,テンツク,1.20,b.よく見かける,イベント,-,-,-,-,-,-,-,-
551,ブラディーボ,,,強敵,-,-,-,-,-,-,-,-
552,ムドー,,,メガモン,-,-,-,-,-,-,-,-
553,ジャミラス,,,強敵,-,-,-,-,-,-,-,-
554,グラコス,,,ほこら,-,-,-,-,-,-,-,-
555,デュラン,,,メガモン,-,-,-,-,-,-,-,-
556,アクバー,,,強敵,-,-,-,-,-,-,-,-
557,大魔王デスタムーア,,,メガモン,-,-,-,-,-,-,-,-
558,幻魔王デスタムーア,,,ギガモン,-,-,-,-,-,-,-,-
559,シンジュワラビー,,,,-,-,-,-,-,-,-,-
560,わかめ王子,,,強敵,-,-,-,-,-,-,-,-
561,闇の覇者竜王,,,メガモン,-,-,-,-,-,-,-,-
562,ガメゴンロード,,,ほこら,-,-,-,-,-,-,-,-
563,クラーゴン,,,強敵,-,-,-,-,-,-,-,-
564,水竜ギルギッシュ,,,メガモン,-,-,-,-,-,-,-,-
565,ももんじゃ,,z.地図での出現なし（未登録）,14章,1,0.4,1.2,0.5,1.3,0.5,0.5,1
566,クリスタルハンド,1.00,z.地図での出現なし（未登録）,14章,0.7,1.1,0.6,0.4,0.4,1,1.3,1.3
567,かげのきし,1.10,z.地図での出現なし（未登録）,14章,1.3,1,1,0.55,0.4,0.65,0.4,1.1
568,あらくれチャッピー,1.00,z.地図での出現なし（未登録）,14章,0.75,1,1.2,0.5,1.1,0.55,0.5,0.4
569,スモールグール,1.10,z.地図での出現なし（未登録）,14章,0.6,0.65,0.7,1,1.3,0.75,1,0.6
570,イーグルデビル,1.20,z.地図での出現なし（未登録）,14章,0.4,1,0.55,0.55,1.4,0.55,0.4,1
571,アッシュリザード,1.20,z.地図での出現なし（未登録）,14章,1,0.55,1,1,0.75,1.1,1,1.1
572,サイクロプス,,z.地図での出現なし（未登録）,14章,1.3,0.5,1.2,1.1,0.55,0.6,1,1.2
573,ブラックベジター,,,14章,-,-,-,-,-,-,-,-
574,ヴァルハラ,,,14章,-,-,-,-,-,-,-,-
575,ヘルミラージュ,,,14章,-,-,-,-,-,-,-,-
576,ギガントヒルズ,,,14章,-,-,-,-,-,-,-,-
577,カンダタショーマン,,,強敵,-,-,-,-,-,-,-,-
578,黒竜丸,,,強敵,-,-,-,-,-,-,-,-
579,なぞの黒騎士,,,宝の地図,-,-,-,-,-,-,-,-
580,ぬしさま,,,メガモン,-,-,-,-,-,-,-,-
581,魔教師エルシオン,,,強敵,-,-,-,-,-,-,-,-
582,ゲルニック将軍,,,ほこら,-,-,-,-,-,-,-,-
583,ゴレオン将軍,,,強敵,-,-,-,-,-,-,-,-
584,バルボロス,,,ギガモン,-,-,-,-,-,-,-,-
585,ギュメイ将軍,,,覚醒千里,-,-,-,-,-,-,-,-
,,,,,-,-,-,-,-,-,-,-
,,,,,-,-,-,-,-,-,-,-
,,,,,-,-,-,-,-,-,-,-
,,,,,-,-,-,-,-,-,-,-
,,,,,-,-,-,-,-,-,-,-
,,,,,-,-,-,-,-,-,-,-
,,,,,-,-,-,-,-,-,-,-
,,,,,-,-,-,-,-,-,-,-
,,,,,-,-,-,-,-,-,-,-
,,,,,-,-,-,-,-,-,-,-
,,,,,-,-,-,-,-,-,-,-
,,,,,-,-,-,-,-,-,-,-
,,,,,-,-,-,-,-,-,-,-
,,,,,-,-,-,-,-,-,-,-
,,,,,-,-,-,-,-,-,-,-
,,,,,-,-,-,-,-,-,-,-
,,,,,-,-,-,-,-,-,-,-
,,,,,-,-,-,-,-,-,-,-
,,,,,-,-,-,-,-,-,-,-
,,,,,-,-,-,-,-,-,-,-
,,,,,-,-,-,-,-,-,-,-
,,,,,-,-,-,-,-,-,-,-
,,,,,-,-,-,-,-,-,-,-
,,,,,-,-,-,-,-,-,-,-
,,,,,-,-,-,-,-,-,-,-
,,,,,-,-,-,-,-,-,-,-
,,,,,-,-,-,-,-,-,-,-
,,,,,-,-,-,-,-,-,-,-
,,,,,-,-,-,-,-,-,-,-
,,,,,-,-,-,-,-,-,-,-
,,,,,-,-,-,-,-,-,-,-
,,,,,-,-,-,-,-,-,-,-
,,,,,-,-,-,-,-,-,-,-
,,,,,-,-,-,-,-,-,-,-
,,,,,-,-,-,-,-,-,-,-
,,,,,-,-,-,-,-,-,-,-
,,,,,-,-,-,-,-,-,-,-
,,,,,-,-,-,-,-,-,-,-
,,,,,-,-,-,-,-,-,-,-
,,,,,-,-,-,-,-,-,-,-
,,,,,-,-,-,-,-,-,-,-
,,,,,-,-,-,-,-,-,-,-
,,,,,-,-,-,-,-,-,-,-
,,,,,-,-,-,-,-,-,-,-
,,,,,-,-,-,-,-,-,-,-
,,,,,-,-,-,-,-,-,-,-
,,,,,-,-,-,-,-,-,-,-
,,,,,-,-,-,-,-,-,-,-
,,,,,-,-,-,-,-,-,-,-
,,,,,-,-,-,-,-,-,-,-
,,,,,-,-,-,-,-,-,-,-
,,,,,-,-,-,-,-,-,-,-
,,,,,-,-,-,-,-,-,-,-
,,,,,-,-,-,-,-,-,-,-
,,,,,-,-,-,-,-,-,-,-
,,,,,-,-,-,-,-,-,-,-
,,,,,-,-,-,-,-,-,-,-
,,,,,-,-,-,-,-,-,-,-
,,,,,-,-,-,-,-,-,-,-
,,,,,-,-,-,-,-,-,-,-
,,,,,-,-,-,-,-,-,-,-
,,,,,-,-,-,-,-,-,-,-
,,,,,-,-,-,-,-,-,-,-
,,,,,-,-,-,-,-,-,-,-
,,,,,-,-,-,-,-,-,-,-
,,,,,-,-,-,-,-,-,-,-
,,,,,-,-,-,-,-,-,-,-
,,,,,-,-,-,-,-,-,-,-
,,,,,-,-,-,-,-,-,-,-
,,,,,-,-,-,-,-,-,-,-
,,,,,-,-,-,-,-,-,-,-
,,,,,-,-,-,-,-,-,-,-
,,,,,-,-,-,-,-,-,-,-
,,,,,-,-,-,-,-,-,-,-
,,,,,-,-,-,-,-,-,-,-
,,,,,-,-,-,-,-,-,-,-
,,,,,-,-,-,-,-,-,-,-
,,,,,-,-,-,-,-,-,-,-
,,,,,-,-,-,-,-,-,-,-
,,,,,-,-,-,-,-,-,-,-
,,,,,-,-,-,-,-,-,-,-
,,,,,-,-,-,-,-,-,-,-
,,,,,-,-,-,-,-,-,-,-
,,,,,-,-,-,-,-,-,-,-
,,,,,-,-,-,-,-,-,-,-
,,,,,-,-,-,-,-,-,-,-
,,,,,-,-,-,-,-,-,-,-
,,,,,-,-,-,-,-,-,-,-
,,,,,-,-,-,-,-,-,-,-
,,,,,-,-,-,-,-,-,-,-
,,,,,-,-,-,-,-,-,-,-
,,,,,-,-,-,-,-,-,-,-
,,,,,-,-,-,-,-,-,-,-
,,,,,-,-,-,-,-,-,-,-
,,,,,-,-,-,-,-,-,-,-
,,,,,-,-,-,-,-,-,-,-
,,,,,-,-,-,-,-,-,-,-
,,,,,-,-,-,-,-,-,-,-
,,,,,-,-,-,-,-,-,-,-
,,,,,-,-,-,-,-,-,-,-
,,,,,-,-,-,-,-,-,-,-
,,,,,-,-,-,-,-,-,-,-
,,,,,-,-,-,-,-,-,-,-
,,,,,-,-,-,-,-,-,-,-
,,,,,-,-,-,-,-,-,-,-
,,,,,-,-,-,-,-,-,-,-
,,,,,-,-,-,-,-,-,-,-
,,,,,-,-,-,-,-,-,-,-
,,,,,-,-,-,-,-,-,-,-
,,,,,-,-,-,-,-,-,-,-
,,,,,-,-,-,-,-,-,-,-
,,,,,-,-,-,-,-,-,-,-
,,,,,-,-,-,-,-,-,-,-
,,,,,-,-,-,-,-,-,-,-
,,,,,-,-,-,-,-,-,-,-
,,,,,-,-,-,-,-,-,-,-
,,,,,-,-,-,-,-,-,-,-
,,,,,-,-,-,-,-,-,-,-
,,,,,-,-,-,-,-,-,-,-
,,,,,-,-,-,-,-,-,-,-
,,,,,-,-,-,-,-,-,-,-
,,,,,-,-,-,-,-,-,-,-
,,,,,-,-,-,-,-,-,-,-
,,,,,-,-,-,-,-,-,-,-
,,,,,-,-,-,-,-,-,-,-
,,,,,-,-,-,-,-,-,-,-
,,,,,-,-,-,-,-,-,-,-
,,,,,-,-,-,-,-,-,-,-
,,,,,-,-,-,-,-,-,-,-
,,,,,-,-,-,-,-,-,-,-
,,,,,-,-,-,-,-,-,-,-
,,,,,-,-,-,-,-,-,-,-
,,,,,-,-,-,-,-,-,-,-
,,,,,-,-,-,-,-,-,-,-
,,,,,-,-,-,-,-,-,-,-
,,,,,-,-,-,-,-,-,-,-
,,,,,-,-,-,-,-,-,-,-
,,,,,-,-,-,-,-,-,-,-
,,,,,-,-,-,-,-,-,-,-
,,,,,-,-,-,-,-,-,-,-
,,,,,-,-,-,-,-,-,-,-
,,,,,-,-,-,-,-,-,-,-
,,,,,-,-,-,-,-,-,-,-
,,,,,-,-,-,-,-,-,-,-
,,,,,-,-,-,-,-,-,-,-
,,,,,-,-,-,-,-,-,-,-
,,,,,-,-,-,-,-,-,-,-
,,,,,-,-,-,-,-,-,-,-
,,,,,-,-,-,-,-,-,-,-
,,,,,-,-,-,-,-,-,-,-
,,,,,-,-,-,-,-,-,-,-
,,,,,-,-,-,-,-,-,-,-
,,,,,-,-,-,-,-,-,-,-
,,,,,-,-,-,-,-,-,-,-
,,,,,-,-,-,-,-,-,-,-
,,,,,-,-,-,-,-,-,-,-
,,,,,-,-,-,-,-,-,-,-
,,,,,-,-,-,-,-,-,-,-
,,,,,-,-,-,-,-,-,-,-
,,,,,-,-,-,-,-,-,-,-
,,,,,-,-,-,-,-,-,-,-
,,,,,-,-,-,-,-,-,-,-
,,,,,-,-,-,-,-,-,-,-
,,,,,-,-,-,-,-,-,-,-
,,,,,-,-,-,-,-,-,-,-
,,,,,-,-,-,-,-,-,-,-
,,,,,-,-,-,-,-,-,-,-
,,,,,-,-,-,-,-,-,-,-
,,,,,-,-,-,-,-,-,-,-
,,,,,-,-,-,-,-,-,-,-
,,,,,-,-,-,-,-,-,-,-
,,,,,-,-,-,-,-,-,-,-
,,,,,-,-,-,-,-,-,-,-
,,,,,-,-,-,-,-,-,-,-
,,,,,-,-,-,-,-,-,-,-
,,,,,-,-,-,-,-,-,-,-
,,,,,-,-,-,-,-,-,-,-
,,,,,-,-,-,-,-,-,-,-
,,,,,-,-,-,-,-,-,-,-
,,,,,-,-,-,-,-,-,-,-
,,,,,-,-,-,-,-,-,-,-
,,,,,-,-,-,-,-,-,-,-
,,,,,-,-,-,-,-,-,-,-
,,,,,-,-,-,-,-,-,-,-
,,,,,-,-,-,-,-,-,-,-
,,,,,-,-,-,-,-,-,-,-
,,,,,-,-,-,-,-,-,-,-
,,,,,-,-,-,-,-,-,-,-
,,,,,-,-,-,-,-,-,-,-
,,,,,-,-,-,-,-,-,-,-
,,,,,-,-,-,-,-,-,-,-
,,,,,-,-,-,-,-,-,-,-
,,,,,-,-,-,-,-,-,-,-
,,,,,-,-,-,-,-,-,-,-
,,,,,-,-,-,-,-,-,-,-
,,,,,-,-,-,-,-,-,-,-
,,,,,-,-,-,-,-,-,-,-
,,,,,-,-,-,-,-,-,-,-
,,,,,-,-,-,-,-,-,-,-
,,,,,-,-,-,-,-,-,-,-
,,,,,-,-,-,-,-,-,-,-
,,,,,-,-,-,-,-,-,-,-
,,,,,-,-,-,-,-,-,-,-
,,,,,-,-,-,-,-,-,-,-
,,,,,-,-,-,-,-,-,-,-
,,,,,-,-,-,-,-,-,-,-
,,,,,-,-,-,-,-,-,-,-
,,,,,-,-,-,-,-,-,-,-
,,,,,-,-,-,-,-,-,-,-
,,,,,-,-,-,-,-,-,-,-
,,,,,-,-,-,-,-,-,-,-
,,,,,-,-,-,-,-,-,-,-
,,,,,-,-,-,-,-,-,-,-
,,,,,-,-,-,-,-,-,-,-
,,,,,-,-,-,-,-,-,-,-
,,,,,-,-,-,-,-,-,-,-
,,,,,-,-,-,-,-,-,-,-
,,,,,-,-,-,-,-,-,-,-
,,,,,-,-,-,-,-,-,-,-
,,,,,-,-,-,-,-,-,-,-
,,,,,-,-,-,-,-,-,-,-
,,,,,-,-,-,-,-,-,-,-
,,,,,-,-,-,-,-,-,-,-
,,,,,-,-,-,-,-,-,-,-
,,,,,-,-,-,-,-,-,-,-
,,,,,-,-,-,-,-,-,-,-
,,,,,-,-,-,-,-,-,-,-
,,,,,-,-,-,-,-,-,-,-
,,,,,-,-,-,-,-,-,-,-
,,,,,-,-,-,-,-,-,-,-
,,,,,-,-,-,-,-,-,-,-
,,,,,-,-,-,-,-,-,-,-
,,,,,-,-,-,-,-,-,-,-
,,,,,-,-,-,-,-,-,-,-
,,,,,-,-,-,-,-,-,-,-
,,,,,-,-,-,-,-,-,-,-
,,,,,-,-,-,-,-,-,-,-
,,,,,-,-,-,-,-,-,-,-
,,,,,-,-,-,-,-,-,-,-
,,,,,-,-,-,-,-,-,-,-
,,,,,-,-,-,-,-,-,-,-
,,,,,-,-,-,-,-,-,-,-
,,,,,-,-,-,-,-,-,-,-
,,,,,-,-,-,-,-,-,-,-
,,,,,-,-,-,-,-,-,-,-
,,,,,-,-,-,-,-,-,-,-
,,,,,-,-,-,-,-,-,-,-
,,,,,-,-,-,-,-,-,-,-
,,,,,-,-,-,-,-,-,-,-
,,,,,-,-,-,-,-,-,-,-
,,,,,-,-,-,-,-,-,-,-
,,,,,-,-,-,-,-,-,-,-
,,,,,-,-,-,-,-,-,-,-
,,,,,-,-,-,-,-,-,-,-
,,,,,-,-,-,-,-,-,-,-
,,,,,-,-,-,-,-,-,-,-
,,,,,-,-,-,-,-,-,-,-
,,,,,-,-,-,-,-,-,-,-
,,,,,-,-,-,-,-,-,-,-
,,,,,-,-,-,-,-,-,-,-
,,,,,-,-,-,-,-,-,-,-
,,,,,-,-,-,-,-,-,-,-
,,,,,-,-,-,-,-,-,-,-
,,,,,-,-,-,-,-,-,-,-
,,,,,-,-,-,-,-,-,-,-
,,,,,-,-,-,-,-,-,-,-
,,,,,-,-,-,-,-,-,-,-
,,,,,-,-,-,-,-,-,-,-
,,,,,-,-,-,-,-,-,-,-
,,,,,-,-,-,-,-,-,-,-
,,,,,-,-,-,-,-,-,-,-
,,,,,-,-,-,-,-,-,-,-
,,,,,-,-,-,-,-,-,-,-
,,,,,-,-,-,-,-,-,-,-
,,,,,-,-,-,-,-,-,-,-
,,,,,-,-,-,-,-,-,-,-
,,,,,-,-,-,-,-,-,-,-
,,,,,-,-,-,-,-,-,-,-
,,,,,-,-,-,-,-,-,-,-
,,,,,-,-,-,-,-,-,-,-
,,,,,-,-,-,-,-,-,-,-
,,,,,-,-,-,-,-,-,-,-
,,,,,-,-,-,-,-,-,-,-
,,,,,-,-,-,-,-,-,-,-
,,,,,-,-,-,-,-,-,-,-
,,,,,-,-,-,-,-,-,-,-
,,,,,-,-,-,-,-,-,-,-
,,,,,-,-,-,-,-,-,-,-
,,,,,-,-,-,-,-,-,-,-
,,,,,-,-,-,-,-,-,-,-
,,,,,-,-,-,-,-,-,-,-
,,,,,-,-,-,-,-,-,-,-
,,,,,-,-,-,-,-,-,-,-
,,,,,-,-,-,-,-,-,-,-
,,,,,-,-,-,-,-,-,-,-
,,,,,-,-,-,-,-,-,-,-
,,,,,-,-,-,-,-,-,-,-
,,,,,-,-,-,-,-,-,-,-
,,,,,-,-,-,-,-,-,-,-
,,,,,-,-,-,-,-,-,-,-
,,,,,-,-,-,-,-,-,-,-
,,,,,-,-,-,-,-,-,-,-
,,,,,-,-,-,-,-,-,-,-
,,,,,-,-,-,-,-,-,-,-
,,,,,-,-,-,-,-,-,-,-
,,,,,-,-,-,-,-,-,-,-
,,,,,-,-,-,-,-,-,-,-
,,,,,-,-,-,-,-,-,-,-
,,,,,-,-,-,-,-,-,-,-
,,,,,-,-,-,-,-,-,-,-
,,,,,-,-,-,-,-,-,-,-
,,,,,-,-,-,-,-,-,-,-
,,,,,-,-,-,-,-,-,-,-
,,,,,-,-,-,-,-,-,-,-
,,,,,-,-,-,-,-,-,-,-
,,,,,-,-,-,-,-,-,-,-
,,,,,-,-,-,-,-,-,-,-
,,,,,-,-,-,-,-,-,-,-
,,,,,-,-,-,-,-,-,-,-
,,,,,-,-,-,-,-,-,-,-
,,,,,-,-,-,-,-,-,-,-
,,,,,-,-,-,-,-,-,-,-
,,,,,-,-,-,-,-,-,-,-
,,,,,-,-,-,-,-,-,-,-
,,,,,-,-,-,-,-,-,-,-
,,,,,-,-,-,-,-,-,-,-
,,,,,-,-,-,-,-,-,-,-
,,,,,-,-,-,-,-,-,-,-
,,,,,-,-,-,-,-,-,-,-
,,,,,-,-,-,-,-,-,-,-
,,,,,-,-,-,-,-,-,-,-
,,,,,-,-,-,-,-,-,-,-
,,,,,-,-,-,-,-,-,-,-
,,,,,-,-,-,-,-,-,-,-
,,,,,-,-,-,-,-,-,-,-
,,,,,-,-,-,-,-,-,-,-
,,,,,-,-,-,-,-,-,-,-
,,,,,-,-,-,-,-,-,-,-
,,,,,-,-,-,-,-,-,-,-
,,,,,-,-,-,-,-,-,-,-
,,,,,-,-,-,-,-,-,-,-
,,,,,-,-,-,-,-,-,-,-
,,,,,-,-,-,-,-,-,-,-
,,,,,-,-,-,-,-,-,-,-
,,,,,-,-,-,-,-,-,-,-
,,,,,-,-,-,-,-,-,-,-
,,,,,-,-,-,-,-,-,-,-
,,,,,-,-,-,-,-,-,-,-
,,,,,-,-,-,-,-,-,-,-
,,,,,-,-,-,-,-,-,-,-
,,,,,-,-,-,-,-,-,-,-
,,,,,-,-,-,-,-,-,-,-
,,,,,-,-,-,-,-,-,-,-
,,,,,-,-,-,-,-,-,-,-
,,,,,-,-,-,-,-,-,-,-
,,,,,-,-,-,-,-,-,-,-
,,,,,-,-,-,-,-,-,-,-
,,,,,-,-,-,-,-,-,-,-
,,,,,-,-,-,-,-,-,-,-
,,,,,-,-,-,-,-,-,-,-
,,,,,-,-,-,-,-,-,-,-
,,,,,-,-,-,-,-,-,-,-
,,,,,-,-,-,-,-,-,-,-
,,,,,-,-,-,-,-,-,-,-
,,,,,-,-,-,-,-,-,-,-
,,,,,-,-,-,-,-,-,-,-
,,,,,-,-,-,-,-,-,-,-
,,,,,-,-,-,-,-,-,-,-
,,,,,-,-,-,-,-,-,-,-
,,,,,-,-,-,-,-,-,-,-
,,,,,-,-,-,-,-,-,-,-
,,,,,-,-,-,-,-,-,-,-
,,,,,-,-,-,-,-,-,-,-
,,,,,-,-,-,-,-,-,-,-
,,,,,-,-,-,-,-,-,-,-
,,,,,-,-,-,-,-,-,-,-
,,,,,-,-,-,-,-,-,-,-
,,,,,-,-,-,-,-,-,-,-
,,,,,-,-,-,-,-,-,-,-
,,,,,-,-,-,-,-,-,-,-
,,,,,-,-,-,-,-,-,-,-
,,,,,-,-,-,-,-,-,-,-
,,,,,-,-,-,-,-,-,-,-
,,,,,-,-,-,-,-,-,-,-
,,,,,-,-,-,-,-,-,-,-
,,,,,-,-,-,-,-,-,-,-
,,,,,-,-,-,-,-,-,-,-
,,,,,-,-,-,-,-,-,-,-
,,,,,-,-,-,-,-,-,-,-
,,,,,-,-,-,-,-,-,-,-
,,,,,-,-,-,-,-,-,-,-
,,,,,-,-,-,-,-,-,-,-
,,,,,-,-,-,-,-,-,-,-
,,,,,-,-,-,-,-,-,-,-
,,,,,-,-,-,-,-,-,-,-
,,,,,-,-,-,-,-,-,-,-
,,,,,-,-,-,-,-,-,-,-
,,,,,-,-,-,-,-,-,-,-
,,,,,-,-,-,-,-,-,-,-
,,,,,-,-,-,-,-,-,-,-
,,,,,-,-,-,-,-,-,-,-
,,,,,-,-,-,-,-,-,-,-
,,,,,-,-,-,-,-,-,-,-
,,,,,-,-,-,-,-,-,-,-
,,,,,-,-,-,-,-,-,-,-
,,,,,-,-,-,-,-,-,-,-
,,,,,-,-,-,-,-,-,-,-
,,,,,-,-,-,-,-,-,-,-
,,,,,-,-,-,-,-,-,-,-
,,,,,-,-,-,-,-,-,-,-
,,,,,-,-,-,-,-,-,-,-
,,,,,-,-,-,-,-,-,-,-
,,,,,-,-,-,-,-,-,-,-
,,,,,-,-,-,-,-,-,-,-
,,,,,-,-,-,-,-,-,-,-
,,,,,-,-,-,-,-,-,-,-
,,,,,-,-,-,-,-,-,-,-
,,,,,-,-,-,-,-,-,-,-
,,,,,-,-,-,-,-,-,-,-
,,,,,-,-,-,-,-,-,-,-
,,,,,-,-,-,-,-,-,-,-
,,,,,-,-,-,-,-,-,-,-
,,,,,-,-,-,-,-,-,-,-
,,,,,-,-,-,-,-,-,-,-
,,,,,-,-,-,-,-,-,-,-
,,,,,-,-,-,-,-,-,-,-
,,,,,-,-,-,-,-,-,-,-
,,,,,-,-,-,-,-,-,-,-
,,,,,-,-,-,-,-,-,-,-
,,,,,-,-,-,-,-,-,-,-
,,,,,-,-,-,-,-,-,-,-
,,,,,-,-,-,-,-,-,-,-
,,,,,-,-,-,-,-,-,-,-
,,,,,-,-,-,-,-,-,-,-
,,,,,-,-,-,-,-,-,-,-
,,,,,-,-,-,-,-,-,-,-
,,,,,-,-,-,-,-,-,-,-
,,,,,-,-,-,-,-,-,-,-
,,,,,-,-,-,-,-,-,-,-
,,,,,-,-,-,-,-,-,-,-
,,,,,-,-,-,-,-,-,-,-
,,,,,-,-,-,-,-,-,-,-
,,,,,-,-,-,-,-,-,-,-
,,,,,-,-,-,-,-,-,-,-
,,,,,-,-,-,-,-,-,-,-
,,,,,-,-,-,-,-,-,-,-
,,,,,-,-,-,-,-,-,-,-
,,,,,-,-,-,-,-,-,-,-
,,,,,-,-,-,-,-,-,-,-
,,,,,-,-,-,-,-,-,-,-
,,,,,-,-,-,-,-,-,-,-
,,,,,-,-,-,-,-,-,-,-
,,,,,-,-,-,-,-,-,-,-
,,,,,-,-,-,-,-,-,-,-
,,,,,-,-,-,-,-,-,-,-
,,,,,-,-,-,-,-,-,-,-
,,,,,-,-,-,-,-,-,-,-
,,,,,-,-,-,-,-,-,-,-
,,,,,-,-,-,-,-,-,-,-
,,,,,-,-,-,-,-,-,-,-
,,,,,-,-,-,-,-,-,-,-
,,,,,-,-,-,-,-,-,-,-
,,,,,-,-,-,-,-,-,-,-
,,,,,-,-,-,-,-,-,-,-
,,,,,-,-,-,-,-,-,-,-
,,,,,-,-,-,-,-,-,-,-
,,,,,-,-,-,-,-,-,-,-
,,,,,-,-,-,-,-,-,-,-
,,,,,-,-,-,-,-,-,-,-
,,,,,-,-,-,-,-,-,-,-
,,,,,-,-,-,-,-,-,-,-
,,,,,-,-,-,-,-,-,-,-
,,,,,-,-,-,-,-,-,-,-
,,,,,-,-,-,-,-,-,-,-
,,,,,-,-,-,-,-,-,-,-
,,,,,-,-,-,-,-,-,-,-
,,,,,-,-,-,-,-,-,-,-
,,,,,-,-,-,-,-,-,-,-
,,,,,-,-,-,-,-,-,-,-
,,,,,-,-,-,-,-,-,-,-
,,,,,-,-,-,-,-,-,-,-
,,,,,-,-,-,-,-,-,-,-
,,,,,-,-,-,-,-,-,-,-
,,,,,-,-,-,-,-,-,-,-
,,,,,-,-,-,-,-,-,-,-
,,,,,-,-,-,-,-,-,-,-
,,,,,-,-,-,-,-,-,-,-
,,,,,-,-,-,-,-,-,-,-
,,,,,-,-,-,-,-,-,-,-
,,,,,-,-,-,-,-,-,-,-
,,,,,-,-,-,-,-,-,-,-
,,,,,-,-,-,-,-,-,-,-
,,,,,-,-,-,-,-,-,-,-
,,,,,-,-,-,-,-,-,-,-
,,,,,-,-,-,-,-,-,-,-
,,,,,-,-,-,-,-,-,-,-
,,,,,-,-,-,-,-,-,-,-
,,,,,-,-,-,-,-,-,-,-
,,,,,-,-,-,-,-,-,-,-
,,,,,-,-,-,-,-,-,-,-
,,,,,-,-,-,-,-,-,-,-
,,,,,-,-,-,-,-,-,-,-
,,,,,-,-,-,-,-,-,-,-
,,,,,-,-,-,-,-,-,-,-
,,,,,-,-,-,-,-,-,-,-
,,,,,-,-,-,-,-,-,-,-
,,,,,-,-,-,-,-,-,-,-
,,,,,-,-,-,-,-,-,-,-
,,,,,-,-,-,-,-,-,-,-
,,,,,-,-,-,-,-,-,-,-
,,,,,-,-,-,-,-,-,-,-
,,,,,-,-,-,-,-,-,-,-
,,,,,-,-,-,-,-,-,-,-
,,,,,-,-,-,-,-,-,-,-
,,,,,-,-,-,-,-,-,-,-
,,,,,-,-,-,-,-,-,-,-
,,,,,-,-,-,-,-,-,-,-
,,,,,-,-,-,-,-,-,-,-
,,,,,-,-,-,-,-,-,-,-
,,,,,-,-,-,-,-,-,-,-
,,,,,-,-,-,-,-,-,-,-
,,,,,-,-,-,-,-,-,-,-
,,,,,-,-,-,-,-,-,-,-
,,,,,-,-,-,-,-,-,-,-
,,,,,-,-,-,-,-,-,-,-
,,,,,-,-,-,-,-,-,-,-
,,,,,-,-,-,-,-,-,-,-
,,,,,-,-,-,-,-,-,-,-
,,,,,-,-,-,-,-,-,-,-
,,,,,-,-,-,-,-,-,-,-
,,,,,-,-,-,-,-,-,-,-
,,,,,-,-,-,-,-,-,-,-
,,,,,-,-,-,-,-,-,-,-
,,,,,-,-,-,-,-,-,-,-
,,,,,-,-,-,-,-,-,-,-
,,,,,-,-,-,-,-,-,-,-
,,,,,-,-,-,-,-,-,-,-
,,,,,-,-,-,-,-,-,-,-
,,,,,-,-,-,-,-,-,-,-
,,,,,-,-,-,-,-,-,-,-
,,,,,-,-,-,-,-,-,-,-
,,,,,-,-,-,-,-,-,-,-
,,,,,-,-,-,-,-,-,-,-
,,,,,-,-,-,-,-,-,-,-
,,,,,-,-,-,-,-,-,-,-
,,,,,-,-,-,-,-,-,-,-
,,,,,-,-,-,-,-,-,-,-
,,,,,-,-,-,-,-,-,-,-
,,,,,-,-,-,-,-,-,-,-
,,,,,-,-,-,-,-,-,-,-
,,,,,-,-,-,-,-,-,-,-
,,,,,-,-,-,-,-,-,-,-
,,,,,-,-,-,-,-,-,-,-
,,,,,-,-,-,-,-,-,-,-
,,,,,-,-,-,-,-,-,-,-
,,,,,-,-,-,-,-,-,-,-
,,,,,-,-,-,-,-,-,-,-
,,,,,-,-,-,-,-,-,-,-
,,,,,-,-,-,-,-,-,-,-
,,,,,-,-,-,-,-,-,-,-
,,,,,-,-,-,-,-,-,-,-
,,,,,-,-,-,-,-,-,-,-
,,,,,-,-,-,-,-,-,-,-
,,,,,-,-,-,-,-,-,-,-
,,,,,-,-,-,-,-,-,-,-
,,,,,-,-,-,-,-,-,-,-
,,,,,-,-,-,-,-,-,-,-
,,,,,-,-,-,-,-,-,-,-
,,,,,-,-,-,-,-,-,-,-
,,,,,-,-,-,-,-,-,-,-
,,,,,-,-,-,-,-,-,-,-
,,,,,-,-,-,-,-,-,-,-
,,,,,-,-,-,-,-,-,-,-
,,,,,-,-,-,-,-,-,-,-
,,,,,-,-,-,-,-,-,-,-
,,,,,-,-,-,-,-,-,-,-
,,,,,-,-,-,-,-,-,-,-
,,,,,-,-,-,-,-,-,-,-
,,,,,-,-,-,-,-,-,-,-
,,,,,-,-,-,-,-,-,-,-
,,,,,-,-,-,-,-,-,-,-
,,,,,-,-,-,-,-,-,-,-
,,,,,-,-,-,-,-,-,-,-
,,,,,-,-,-,-,-,-,-,-
,,,,,-,-,-,-,-,-,-,-
,,,,,-,-,-,-,-,-,-,-
,,,,,-,-,-,-,-,-,-,-
,,,,,-,-,-,-,-,-,-,-
,,,,,-,-,-,-,-,-,-,-
,,,,,-,-,-,-,-,-,-,-
,,,,,-,-,-,-,-,-,-,-
,,,,,-,-,-,-,-,-,-,-
,,,,,-,-,-,-,-,-,-,-
,,,,,-,-,-,-,-,-,-,-
,,,,,-,-,-,-,-,-,-,-
,,,,,-,-,-,-,-,-,-,-
,,,,,-,-,-,-,-,-,-,-
,,,,,-,-,-,-,-,-,-,-
,,,,,-,-,-,-,-,-,-,-
,,,,,-,-,-,-,-,-,-,-
,,,,,-,-,-,-,-,-,-,-
,,,,,-,-,-,-,-,-,-,-
,,,,,-,-,-,-,-,-,-,-
,,,,,-,-,-,-,-,-,-,-
,,,,,-,-,-,-,-,-,-,-
,,,,,-,-,-,-,-,-,-,-
,,,,,-,-,-,-,-,-,-,-
,,,,,-,-,-,-,-,-,-,-
,,,,,-,-,-,-,-,-,-,-
,,,,,-,-,-,-,-,-,-,-
,,,,,-,-,-,-,-,-,-,-
,,,,,-,-,-,-,-,-,-,-
,,,,,-,-,-,-,-,-,-,-
,,,,,-,-,-,-,-,-,-,-
,,,,,-,-,-,-,-,-,-,-
,,,,,-,-,-,-,-,-,-,-
,,,,,-,-,-,-,-,-,-,-
,,,,,-,-,-,-,-,-,-,-
,,,,,-,-,-,-,-,-,-,-
,,,,,-,-,-,-,-,-,-,-
,,,,,-,-,-,-,-,-,-,-
,,,,,-,-,-,-,-,-,-,-
,,,,,-,-,-,-,-,-,-,-
,,,,,-,-,-,-,-,-,-,-
,,,,,-,-,-,-,-,-,-,-
,,,,,-,-,-,-,-,-,-,-
,,,,,-,-,-,-,-,-,-,-
,,,,,-,-,-,-,-,-,-,-
,,,,,-,-,-,-,-,-,-,-
,,,,,-,-,-,-,-,-,-,-
,,,,,-,-,-,-,-,-,-,-
,,,,,-,-,-,-,-,-,-,-
,,,,,-,-,-,-,-,-,-,-
,,,,,-,-,-,-,-,-,-,-
,,,,,-,-,-,-,-,-,-,-
,,,,,-,-,-,-,-,-,-,-
,,,,,-,-,-,-,-,-,-,-
,,,,,-,-,-,-,-,-,-,-
,,,,,-,-,-,-,-,-,-,-
,,,,,-,-,-,-,-,-,-,-
,,,,,-,-,-,-,-,-,-,-
,,,,,-,-,-,-,-,-,-,-
,,,,,-,-,-,-,-,-,-,-
,,,,,-,-,-,-,-,-,-,-
,,,,,-,-,-,-,-,-,-,-
,,,,,-,-,-,-,-,-,-,-
,,,,,-,-,-,-,-,-,-,-
,,,,,-,-,-,-,-,-,-,-
,,,,,-,-,-,-,-,-,-,-
,,,,,-,-,-,-,-,-,-,-
,,,,,-,-,-,-,-,-,-,-
,,,,,-,-,-,-,-,-,-,-
,,,,,-,-,-,-,-,-,-,-
,,,,,-,-,-,-,-,-,-,-
,,,,,-,-,-,-,-,-,-,-
,,,,,-,-,-,-,-,-,-,-
,,,,,-,-,-,-,-,-,-,-
,,,,,-,-,-,-,-,-,-,-
,,,,,-,-,-,-,-,-,-,-
,,,,,-,-,-,-,-,-,-,-
,,,,,-,-,-,-,-,-,-,-
,,,,,-,-,-,-,-,-,-,-
,,,,,-,-,-,-,-,-,-,-
,,,,,-,-,-,-,-,-,-,-
,,,,,-,-,-,-,-,-,-,-
,,,,,-,-,-,-,-,-,-,-
,,,,,-,-,-,-,-,-,-,-
,,,,,-,-,-,-,-,-,-,-
,,,,,-,-,-,-,-,-,-,-
,,,,,-,-,-,-,-,-,-,-
,,,,,-,-,-,-,-,-,-,-
,,,,,-,-,-,-,-,-,-,-
,,,,,-,-,-,-,-,-,-,-
,,,,,-,-,-,-,-,-,-,-
,,,,,-,-,-,-,-,-,-,-
,,,,,-,-,-,-,-,-,-,-
,,,,,-,-,-,-,-,-,-,-
,,,,,-,-,-,-,-,-,-,-
,,,,,-,-,-,-,-,-,-,-
,,,,,-,-,-,-,-,-,-,-
,,,,,-,-,-,-,-,-,-,-
,,,,,-,-,-,-,-,-,-,-
,,,,,-,-,-,-,-,-,-,-
,,,,,-,-,-,-,-,-,-,-
,,,,,-,-,-,-,-,-,-,-
,,,,,-,-,-,-,-,-,-,-
,,,,,-,-,-,-,-,-,-,-
,,,,,-,-,-,-,-,-,-,-
,,,,,-,-,-,-,-,-,-,-
,,,,,-,-,-,-,-,-,-,-
,,,,,-,-,-,-,-,-,-,-
,,,,,-,-,-,-,-,-,-,-
,,,,,-,-,-,-,-,-,-,-
,,,,,-,-,-,-,-,-,-,-
,,,,,-,-,-,-,-,-,-,-
,,,,,-,-,-,-,-,-,-,-
,,,,,-,-,-,-,-,-,-,-
,,,,,-,-,-,-,-,-,-,-
,,,,,-,-,-,-,-,-,-,-
,,,,,-,-,-,-,-,-,-,-
,,,,,-,-,-,-,-,-,-,-
,,,,,-,-,-,-,-,-,-,-
,,,,,-,-,-,-,-,-,-,-
,,,,,-,-,-,-,-,-,-,-
,,,,,-,-,-,-,-,-,-,-
,,,,,-,-,-,-,-,-,-,-
,,,,,-,-,-,-,-,-,-,-
,,,,,-,-,-,-,-,-,-,-
,,,,,-,-,-,-,-,-,-,-
,,,,,-,-,-,-,-,-,-,-
,,,,,-,-,-,-,-,-,-,-
,,,,,-,-,-,-,-,-,-,-
,,,,,-,-,-,-,-,-,-,-
,,,,,-,-,-,-,-,-,-,-
,,,,,-,-,-,-,-,-,-,-
,,,,,-,-,-,-,-,-,-,-
,,,,,-,-,-,-,-,-,-,-
,,,,,-,-,-,-,-,-,-,-
,,,,,-,-,-,-,-,-,-,-
,,,,,-,-,-,-,-,-,-,-
,,,,,-,-,-,-,-,-,-,-
,,,,,-,-,-,-,-,-,-,-
,,,,,-,-,-,-,-,-,-,-
,,,,,-,-,-,-,-,-,-,-
,,,,,-,-,-,-,-,-,-,-
,,,,,-,-,-,-,-,-,-,-
,,,,,-,-,-,-,-,-,-,-
,,,,,-,-,-,-,-,-,-,-
,,,,,-,-,-,-,-,-,-,-
,,,,,-,-,-,-,-,-,-,-
,,,,,-,-,-,-,-,-,-,-
,,,,,-,-,-,-,-,-,-,-
,,,,,-,-,-,-,-,-,-,-
,,,,,-,-,-,-,-,-,-,-
,,,,,-,-,-,-,-,-,-,-
,,,,,-,-,-,-,-,-,-,-
,,,,,-,-,-,-,-,-,-,-
,,,,,-,-,-,-,-,-,-,-
,,,,,-,-,-,-,-,-,-,-
,,,,,-,-,-,-,-,-,-,-
,,,,,-,-,-,-,-,-,-,-
,,,,,-,-,-,-,-,-,-,-
,,,,,-,-,-,-,-,-,-,-
,,,,,-,-,-,-,-,-,-,-
,,,,,-,-,-,-,-,-,-,-
,,,,,-,-,-,-,-,-,-,-
,,,,,-,-,-,-,-,-,-,-
,,,,,-,-,-,-,-,-,-,-
,,,,,-,-,-,-,-,-,-,-
,,,,,-,-,-,-,-,-,-,-
,,,,,-,-,-,-,-,-,-,-
,,,,,-,-,-,-,-,-,-,-
,,,,,-,-,-,-,-,-,-,-
,,,,,-,-,-,-,-,-,-,-
,,,,,-,-,-,-,-,-,-,-
,,,,,-,-,-,-,-,-,-,-
,,,,,-,-,-,-,-,-,-,-
,,,,,-,-,-,-,-,-,-,-
,,,,,-,-,-,-,-,-,-,-
,,,,,-,-,-,-,-,-,-,-
,,,,,-,-,-,-,-,-,-,-
,,,,,-,-,-,-,-,-,-,-
,,,,,-,-,-,-,-,-,-,-
,,,,,-,-,-,-,-,-,-,-
,,,,,-,-,-,-,-,-,-,-
,,,,,-,-,-,-,-,-,-,-
,,,,,-,-,-,-,-,-,-,-
,,,,,-,-,-,-,-,-,-,-
,,,,,-,-,-,-,-,-,-,-
,,,,,-,-,-,-,-,-,-,-
,,,,,-,-,-,-,-,-,-,-
,,,,,-,-,-,-,-,-,-,-
,,,,,-,-,-,-,-,-,-,-
,,,,,-,-,-,-,-,-,-,-
,,,,,-,-,-,-,-,-,-,-
,,,,,-,-,-,-,-,-,-,-
,,,,,-,-,-,-,-,-,-,-
,,,,,-,-,-,-,-,-,-,-
,,,,,-,-,-,-,-,-,-,-
,,,,,-,-,-,-,-,-,-,-
,,,,,-,-,-,-,-,-,-,-
,,,,,-,-,-,-,-,-,-,-
,,,,,-,-,-,-,-,-,-,-
,,,,,-,-,-,-,-,-,-,-
,,,,,-,-,-,-,-,-,-,-
,,,,,-,-,-,-,-,-,-,-
,,,,,-,-,-,-,-,-,-,-
,,,,,-,-,-,-,-,-,-,-
,,,,,-,-,-,-,-,-,-,-
,,,,,-,-,-,-,-,-,-,-
,,,,,-,-,-,-,-,-,-,-
,,,,,-,-,-,-,-,-,-,-
,,,,,-,-,-,-,-,-,-,-
,,,,,-,-,-,-,-,-,-,-
,,,,,-,-,-,-,-,-,-,-
,,,,,-,-,-,-,-,-,-,-
,,,,,-,-,-,-,-,-,-,-
,,,,,-,-,-,-,-,-,-,-
,,,,,-,-,-,-,-,-,-,-
,,,,,-,-,-,-,-,-,-,-
,,,,,-,-,-,-,-,-,-,-
,,,,,-,-,-,-,-,-,-,-
,,,,,-,-,-,-,-,-,-,-
,,,,,-,-,-,-,-,-,-,-
,,,,,-,-,-,-,-,-,-,-
,,,,,-,-,-,-,-,-,-,-
,,,,,-,-,-,-,-,-,-,-
,,,,,-,-,-,-,-,-,-,-
,,,,,-,-,-,-,-,-,-,-
,,,,,-,-,-,-,-,-,-,-
,,,,,-,-,-,-,-,-,-,-
,,,,,-,-,-,-,-,-,-,-
,,,,,-,-,-,-,-,-,-,-
,,,,,-,-,-,-,-,-,-,-
,,,,,-,-,-,-,-,-,-,-
,,,,,-,-,-,-,-,-,-,-
,,,,,-,-,-,-,-,-,-,-
,,,,,-,-,-,-,-,-,-,-
,,,,,-,-,-,-,-,-,-,-
,,,,,-,-,-,-,-,-,-,-
,,,,,-,-,-,-,-,-,-,-
,,,,,-,-,-,-,-,-,-,-
,,,,,-,-,-,-,-,-,-,-
,,,,,-,-,-,-,-,-,-,-
,,,,,-,-,-,-,-,-,-,-
,,,,,-,-,-,-,-,-,-,-
,,,,,-,-,-,-,-,-,-,-
,,,,,-,-,-,-,-,-,-,-
,,,,,-,-,-,-,-,-,-,-
,,,,,-,-,-,-,-,-,-,-
,,,,,-,-,-,-,-,-,-,-
,,,,,-,-,-,-,-,-,-,-
,,,,,-,-,-,-,-,-,-,-
,,,,,-,-,-,-,-,-,-,-
,,,,,-,-,-,-,-,-,-,-
,,,,,-,-,-,-,-,-,-,-
,,,,,-,-,-,-,-,-,-,-
,,,,,-,-,-,-,-,-,-,-
,,,,,-,-,-,-,-,-,-,-
,,,,,-,-,-,-,-,-,-,-
,,,,,-,-,-,-,-,-,-,-
,,,,,-,-,-,-,-,-,-,-
,,,,,-,-,-,-,-,-,-,-
,,,,,-,-,-,-,-,-,-,-
,,,,,-,-,-,-,-,-,-,-
,,,,,-,-,-,-,-,-,-,-
,,,,,-,-,-,-,-,-,-,-
,,,,,-,-,-,-,-,-,-,-
,,,,,-,-,-,-,-,-,-,-
,,,,,-,-,-,-,-,-,-,-
,,,,,-,-,-,-,-,-,-,-
,,,,,-,-,-,-,-,-,-,-
,,,,,-,-,-,-,-,-,-,-
,,,,,-,-,-,-,-,-,-,-
,,,,,-,-,-,-,-,-,-,-
,,,,,-,-,-,-,-,-,-,-
,,,,,-,-,-,-,-,-,-,-
,,,,,-,-,-,-,-,-,-,-
,,,,,-,-,-,-,-,-,-,-
,,,,,-,-,-,-,-,-,-,-
,,,,,-,-,-,-,-,-,-,-
,,,,,-,-,-,-,-,-,-,-
,,,,,-,-,-,-,-,-,-,-
,,,,,-,-,-,-,-,-,-,-
,,,,,-,-,-,-,-,-,-,-
,,,,,-,-,-,-,-,-,-,-
,,,,,-,-,-,-,-,-,-,-
,,,,,-,-,-,-,-,-,-,-
,,,,,-,-,-,-,-,-,-,-
,,,,,-,-,-,-,-,-,-,-
,,,,,-,-,-,-,-,-,-,-
,,,,,-,-,-,-,-,-,-,-
,,,,,-,-,-,-,-,-,-,-
,,,,,-,-,-,-,-,-,-,-
,,,,,-,-,-,-,-,-,-,-
,,,,,-,-,-,-,-,-,-,-
,,,,,-,-,-,-,-,-,-,-
,,,,,-,-,-,-,-,-,-,-
,,,,,-,-,-,-,-,-,-,-
,,,,,-,-,-,-,-,-,-,-
,,,,,-,-,-,-,-,-,-,-
,,,,,-,-,-,-,-,-,-,-
,,,,,-,-,-,-,-,-,-,-
,,,,,-,-,-,-,-,-,-,-
,,,,,-,-,-,-,-,-,-,-
,,,,,-,-,-,-,-,-,-,-
,,,,,-,-,-,-,-,-,-,-
,,,,,-,-,-,-,-,-,-,-
,,,,,-,-,-,-,-,-,-,-
,,,,,-,-,-,-,-,-,-,-
,,,,,-,-,-,-,-,-,-,-
,,,,,-,-,-,-,-,-,-,-
,,,,,-,-,-,-,-,-,-,-
,,,,,-,-,-,-,-,-,-,-
,,,,,-,-,-,-,-,-,-,-
,,,,,-,-,-,-,-,-,-,-
,,,,,-,-,-,-,-,-,-,-
,,,,,-,-,-,-,-,-,-,-
,,,,,-,-,-,-,-,-,-,-
,,,,,-,-,-,-,-,-,-,-
,,,,,-,-,-,-,-,-,-,-
,,,,,-,-,-,-,-,-,-,-
,,,,,-,-,-,-,-,-,-,-
,,,,,-,-,-,-,-,-,-,-
,,,,,-,-,-,-,-,-,-,-
,,,,,-,-,-,-,-,-,-,-
,,,,,-,-,-,-,-,-,-,-
,,,,,-,-,-,-,-,-,-,-
,,,,,-,-,-,-,-,-,-,-
,,,,,-,-,-,-,-,-,-,-
,,,,,-,-,-,-,-,-,-,-
,,,,,-,-,-,-,-,-,-,-
,,,,,-,-,-,-,-,-,-,-
,,,,,-,-,-,-,-,-,-,-
,,,,,-,-,-,-,-,-,-,-
,,,,,-,-,-,-,-,-,-,-
,,,,,-,-,-,-,-,-,-,-
,,,,,-,-,-,-,-,-,-,-
,,,,,-,-,-,-,-,-,-,-
,,,,,-,-,-,-,-,-,-,-
,,,,,-,-,-,-,-,-,-,-
,,,,,-,-,-,-,-,-,-,-
,,,,,-,-,-,-,-,-,-,-
,,,,,-,-,-,-,-,-,-,-
,,,,,-,-,-,-,-,-,-,-
,,,,,-,-,-,-,-,-,-,-
,,,,,-,-,-,-,-,-,-,-
,,,,,-,-,-,-,-,-,-,-
,,,,,-,-,-,-,-,-,-,-
,,,,,-,-,-,-,-,-,-,-
,,,,,-,-,-,-,-,-,-,-
,,,,,-,-,-,-,-,-,-,-
,,,,,-,-,-,-,-,-,-,-
,,,,,-,-,-,-,-,-,-,-
,,,,,-,-,-,-,-,-,-,-
,,,,,-,-,-,-,-,-,-,-
,,,,,-,-,-,-,-,-,-,-
,,,,,-,-,-,-,-,-,-,-
,,,,,-,-,-,-,-,-,-,-
,,,,,-,-,-,-,-,-,-,-
,,,,,-,-,-,-,-,-,-,-
,,,,,-,-,-,-,-,-,-,-
,,,,,-,-,-,-,-,-,-,-
,,,,,-,-,-,-,-,-,-,-
,,,,,-,-,-,-,-,-,-,-
,,,,,-,-,-,-,-,-,-,-
,,,,,-,-,-,-,-,-,-,-
,,,,,-,-,-,-,-,-,-,-
,,,,,-,-,-,-,-,-,-,-
,,,,,-,-,-,-,-,-,-,-
,,,,,-,-,-,-,-,-,-,-
,,,,,-,-,-,-,-,-,-,-
,,,,,-,-,-,-,-,-,-,-
,,,,,-,-,-,-,-,-,-,-
,,,,,-,-,-,-,-,-,-,-
,,,,,-,-,-,-,-,-,-,-
,,,,,-,-,-,-,-,-,-,-
,,,,,-,-,-,-,-,-,-,-
,,,,,-,-,-,-,-,-,-,-
,,,,,-,-,-,-,-,-,-,-
,,,,,-,-,-,-,-,-,-,-
,,,,,-,-,-,-,-,-,-,-
,,,,,-,-,-,-,-,-,-,-
,,,,,-,-,-,-,-,-,-,-
,,,,,-,-,-,-,-,-,-,-
,,,,,-,-,-,-,-,-,-,-
,,,,,-,-,-,-,-,-,-,-
,,,,,-,-,-,-,-,-,-,-
,,,,,-,-,-,-,-,-,-,-
,,,,,-,-,-,-,-,-,-,-
,,,,,-,-,-,-,-,-,-,-
,,,,,-,-,-,-,-,-,-,-
,,,,,-,-,-,-,-,-,-,-
,,,,,-,-,-,-,-,-,-,-
,,,,,-,-,-,-,-,-,-,-
,,,,,-,-,-,-,-,-,-,-
,,,,,-,-,-,-,-,-,-,-
,,,,,-,-,-,-,-,-,-,-
,,,,,-,-,-,-,-,-,-,-
,,,,,-,-,-,-,-,-,-,-
,,,,,-,-,-,-,-,-,-,-
,,,,,-,-,-,-,-,-,-,-
,,,,,-,-,-,-,-,-,-,-
,,,,,-,-,-,-,-,-,-,-
,,,,,-,-,-,-,-,-,-,-
,,,,,-,-,-,-,-,-,-,-
,,,,,-,-,-,-,-,-,-,-
,,,,,-,-,-,-,-,-,-,-
,,,,,-,-,-,-,-,-,-,-
,,,,,-,-,-,-,-,-,-,-
,,,,,-,-,-,-,-,-,-,-
,,,,,-,-,-,-,-,-,-,-
,,,,,-,-,-,-,-,-,-,-
,,,,,-,-,-,-,-,-,-,-
,,,,,-,-,-,-,-,-,-,-
,,,,,-,-,-,-,-,-,-,-
,,,,,-,-,-,-,-,-,-,-
,,,,,-,-,-,-,-,-,-,-
,,,,,-,-,-,-,-,-,-,-
,,,,,-,-,-,-,-,-,-,-
,,,,,-,-,-,-,-,-,-,-
,,,,,-,-,-,-,-,-,-,-
,,,,,-,-,-,-,-,-,-,-
,,,,,-,-,-,-,-,-,-,-
,,,,,-,-,-,-,-,-,-,-
,,,,,-,-,-,-,-,-,-,-
,,,,,-,-,-,-,-,-,-,-
,,,,,-,-,-,-,-,-,-,-
,,,,,-,-,-,-,-,-,-,-
,,,,,-,-,-,-,-,-,-,-
,,,,,-,-,-,-,-,-,-,-
,,,,,-,-,-,-,-,-,-,-
,,,,,-,-,-,-,-,-,-,-
,,,,,-,-,-,-,-,-,-,-
,,,,,-,-,-,-,-,-,-,-
,,,,,-,-,-,-,-,-,-,-
,,,,,-,-,-,-,-,-,-,-
,,,,,-,-,-,-,-,-,-,-
,,,,,-,-,-,-,-,-,-,-
,,,,,-,-,-,-,-,-,-,-
,,,,,-,-,-,-,-,-,-,-
,,,,,-,-,-,-,-,-,-,-
,,,,,-,-,-,-,-,-,-,-
,,,,,-,-,-,-,-,-,-,-
,,,,,-,-,-,-,-,-,-,-
,,,,,-,-,-,-,-,-,-,-
,,,,,-,-,-,-,-,-,-,-
,,,,,-,-,-,-,-,-,-,-
,,,,,-,-,-,-,-,-,-,-
,,,,,-,-,-,-,-,-,-,-
,,,,,-,-,-,-,-,-,-,-
,,,,,-,-,-,-,-,-,-,-
,,,,,-,-,-,-,-,-,-,-
,,,,,-,-,-,-,-,-,-,-
,,,,,-,-,-,-,-,-,-,-
,,,,,-,-,-,-,-,-,-,-
,,,,,-,-,-,-,-,-,-,-
,,,,,-,-,-,-,-,-,-,-
,,,,,-,-,-,-,-,-,-,-
,,,,,-,-,-,-,-,-,-,-
,,,,,-,-,-,-,-,-,-,-
,,,,,-,-,-,-,-,-,-,-
,,,,,-,-,-,-,-,-,-,-
,,,,,-,-,-,-,-,-,-,-
,,,,,-,-,-,-,-,-,-,-
,,,,,-,-,-,-,-,-,-,-
,,,,,-,-,-,-,-,-,-,-
,,,,,-,-,-,-,-,-,-,-
,,,,,-,-,-,-,-,-,-,-
,,,,,-,-,-,-,-,-,-,-
,,,,,-,-,-,-,-,-,-,-
,,,,,-,-,-,-,-,-,-,-
,,,,,-,-,-,-,-,-,-,-
,,,,,-,-,-,-,-,-,-,-
,,,,,-,-,-,-,-,-,-,-
,,,,,-,-,-,-,-,-,-,-
,,,,,-,-,-,-,-,-,-,-
,,,,,-,-,-,-,-,-,-,-
,,,,,-,-,-,-,-,-,-,-
,,,,,-,-,-,-,-,-,-,-
,,,,,-,-,-,-,-,-,-,-
,,,,,-,-,-,-,-,-,-,-
,,,,,-,-,-,-,-,-,-,-
,,,,,-,-,-,-,-,-,-,-
,,,,,-,-,-,-,-,-,-,-
,,,,,-,-,-,-,-,-,-,-
,,,,,-,-,-,-,-,-,-,-
,,,,,-,-,-,-,-,-,-,-
,,,,,-,-,-,-,-,-,-,-
,,,,,-,-,-,-,-,-,-,-
,,,,,-,-,-,-,-,-,-,-
,,,,,-,-,-,-,-,-,-,-